"target","number","count","draws","observations"
"last2","00","1","102","102"
"last2","01","0","102","102"
"last2","02","1","102","102"
"last2","03","0","102","102"
"last2","04","1","102","102"
"last2","05","0","102","102"
"last2","06","3","102","102"
"last2","07","1","102","102"
"last2","08","2","102","102"
"last2","09","2","102","102"
"last2","10","0","102","102"
"last2","11","0","102","102"
"last2","12","0","102","102"
"last2","13","0","102","102"
"last2","14","3","102","102"
"last2","15","1","102","102"
"last2","16","2","102","102"
"last2","17","1","102","102"
"last2","18","0","102","102"
"last2","19","0","102","102"
"last2","20","1","102","102"
"last2","21","2","102","102"
"last2","22","1","102","102"
"last2","23","1","102","102"
"last2","24","0","102","102"
"last2","25","0","102","102"
"last2","26","1","102","102"
"last2","27","0","102","102"
"last2","28","1","102","102"
"last2","29","0","102","102"
"last2","30","1","102","102"
"last2","31","2","102","102"
"last2","32","2","102","102"
"last2","33","0","102","102"
"last2","34","0","102","102"
"last2","35","0","102","102"
"last2","36","1","102","102"
"last2","37","2","102","102"
"last2","38","1","102","102"
"last2","39","0","102","102"
"last2","40","0","102","102"
"last2","41","0","102","102"
"last2","42","2","102","102"
"last2","43","2","102","102"
"last2","44","1","102","102"
"last2","45","0","102","102"
"last2","46","2","102","102"
"last2","47","2","102","102"
"last2","48","2","102","102"
"last2","49","0","102","102"
"last2","50","3","102","102"
"last2","51","2","102","102"
"last2","52","1","102","102"
"last2","53","2","102","102"
"last2","54","1","102","102"
"last2","55","1","102","102"
"last2","56","0","102","102"
"last2","57","0","102","102"
"last2","58","2","102","102"
"last2","59","1","102","102"
"last2","60","1","102","102"
"last2","61","4","102","102"
"last2","62","2","102","102"
"last2","63","2","102","102"
"last2","64","3","102","102"
"last2","65","1","102","102"
"last2","66","1","102","102"
"last2","67","1","102","102"
"last2","68","0","102","102"
"last2","69","1","102","102"
"last2","70","2","102","102"
"last2","71","2","102","102"
"last2","72","0","102","102"
"last2","73","1","102","102"
"last2","74","0","102","102"
"last2","75","1","102","102"
"last2","76","0","102","102"
"last2","77","2","102","102"
"last2","78","1","102","102"
"last2","79","2","102","102"
"last2","80","1","102","102"
"last2","81","0","102","102"
"last2","82","0","102","102"
"last2","83","1","102","102"
"last2","84","0","102","102"
"last2","85","2","102","102"
"last2","86","0","102","102"
"last2","87","2","102","102"
"last2","88","0","102","102"
"last2","89","2","102","102"
"last2","90","1","102","102"
"last2","91","3","102","102"
"last2","92","1","102","102"
"last2","93","0","102","102"
"last2","94","1","102","102"
"last2","95","1","102","102"
"last2","96","0","102","102"
"last2","97","0","102","102"
"last2","98","0","102","102"
"last2","99","2","102","102"
"top2","00","1","102","102"
"top2","01","1","102","102"
"top2","02","1","102","102"
"top2","03","4","102","102"
"top2","04","1","102","102"
"top2","05","3","102","102"
"top2","06","5","102","102"
"top2","07","1","102","102"
"top2","08","0","102","102"
"top2","09","3","102","102"
"top2","10","0","102","102"
"top2","11","1","102","102"
"top2","12","3","102","102"
"top2","13","0","102","102"
"top2","14","2","102","102"
"top2","15","1","102","102"
"top2","16","1","102","102"
"top2","17","2","102","102"
"top2","18","0","102","102"
"top2","19","2","102","102"
"top2","20","0","102","102"
"top2","21","1","102","102"
"top2","22","0","102","102"
"top2","23","0","102","102"
"top2","24","1","102","102"
"top2","25","0","102","102"
"top2","26","1","102","102"
"top2","27","1","102","102"
"top2","28","0","102","102"
"top2","29","1","102","102"
"top2","30","1","102","102"
"top2","31","0","102","102"
"top2","32","1","102","102"
"top2","33","0","102","102"
"top2","34","0","102","102"
"top2","35","0","102","102"
"top2","36","1","102","102"
"top2","37","0","102","102"
"top2","38","0","102","102"
"top2","39","0","102","102"
"top2","40","1","102","102"
"top2","41","1","102","102"
"top2","42","0","102","102"
"top2","43","1","102","102"
"top2","44","2","102","102"
"top2","45","1","102","102"
"top2","46","3","102","102"
"top2","47","0","102","102"
"top2","48","0","102","102"
"top2","49","0","102","102"
"top2","50","0","102","102"
"top2","51","1","102","102"
"top2","52","4","102","102"
"top2","53","0","102","102"
"top2","54","0","102","102"
"top2","55","0","102","102"
"top2","56","1","102","102"
"top2","57","1","102","102"
"top2","58","0","102","102"
"top2","59","0","102","102"
"top2","60","0","102","102"
"top2","61","0","102","102"
"top2","62","2","102","102"
"top2","63","4","102","102"
"top2","64","0","102","102"
"top2","65","2","102","102"
"top2","66","1","102","102"
"top2","67","1","102","102"
"top2","68","0","102","102"
"top2","69","1","102","102"
"top2","70","1","102","102"
"top2","71","0","102","102"
"top2","72","3","102","102"
"top2","73","1","102","102"
"top2","74","0","102","102"
"top2","75","0","102","102"
"top2","76","0","102","102"
"top2","77","2","102","102"
"top2","78","2","102","102"
"top2","79","3","102","102"
"top2","80","0","102","102"
"top2","81","1","102","102"
"top2","82","1","102","102"
"top2","83","1","102","102"
"top2","84","1","102","102"
"top2","85","0","102","102"
"top2","86","0","102","102"
"top2","87","2","102","102"
"top2","88","1","102","102"
"top2","89","1","102","102"
"top2","90","2","102","102"
"top2","91","0","102","102"
"top2","92","1","102","102"
"top2","93","2","102","102"
"top2","94","2","102","102"
"top2","95","3","102","102"
"top2","96","2","102","102"
"top2","97","1","102","102"
"top2","98","2","102","102"
"top2","99","0","102","102"
"top3","000","0","102","102"
"top3","001","0","102","102"
"top3","002","0","102","102"
"top3","003","0","102","102"
"top3","004","0","102","102"
"top3","005","0","102","102"
"top3","006","0","102","102"
"top3","007","0","102","102"
"top3","008","0","102","102"
"top3","009","1","102","102"
"top3","010","0","102","102"
"top3","011","0","102","102"
"top3","012","0","102","102"
"top3","013","0","102","102"
"top3","014","0","102","102"
"top3","015","0","102","102"
"top3","016","0","102","102"
"top3","017","0","102","102"
"top3","018","0","102","102"
"top3","019","1","102","102"
"top3","020","0","102","102"
"top3","021","0","102","102"
"top3","022","0","102","102"
"top3","023","0","102","102"
"top3","024","0","102","102"
"top3","025","0","102","102"
"top3","026","0","102","102"
"top3","027","0","102","102"
"top3","028","0","102","102"
"top3","029","0","102","102"
"top3","030","0","102","102"
"top3","031","0","102","102"
"top3","032","0","102","102"
"top3","033","0","102","102"
"top3","034","0","102","102"
"top3","035","0","102","102"
"top3","036","0","102","102"
"top3","037","0","102","102"
"top3","038","0","102","102"
"top3","039","0","102","102"
"top3","040","0","102","102"
"top3","041","1","102","102"
"top3","042","0","102","102"
"top3","043","0","102","102"
"top3","044","1","102","102"
"top3","045","0","102","102"
"top3","046","0","102","102"
"top3","047","0","102","102"
"top3","048","0","102","102"
"top3","049","0","102","102"
"top3","050","0","102","102"
"top3","051","0","102","102"
"top3","052","0","102","102"
"top3","053","0","102","102"
"top3","054","0","102","102"
"top3","055","0","102","102"
"top3","056","0","102","102"
"top3","057","0","102","102"
"top3","058","0","102","102"
"top3","059","0","102","102"
"top3","060","0","102","102"
"top3","061","0","102","102"
"top3","062","0","102","102"
"top3","063","1","102","102"
"top3","064","0","102","102"
"top3","065","0","102","102"
"top3","066","0","102","102"
"top3","067","0","102","102"
"top3","068","0","102","102"
"top3","069","0","102","102"
"top3","070","0","102","102"
"top3","071","0","102","102"
"top3","072","0","102","102"
"top3","073","0","102","102"
"top3","074","0","102","102"
"top3","075","0","102","102"
"top3","076","0","102","102"
"top3","077","1","102","102"
"top3","078","0","102","102"
"top3","079","0","102","102"
"top3","080","0","102","102"
"top3","081","0","102","102"
"top3","082","0","102","102"
"top3","083","0","102","102"
"top3","084","0","102","102"
"top3","085","0","102","102"
"top3","086","0","102","102"
"top3","087","0","102","102"
"top3","088","0","102","102"
"top3","089","0","102","102"
"top3","090","0","102","102"
"top3","091","0","102","102"
"top3","092","0","102","102"
"top3","093","1","102","102"
"top3","094","0","102","102"
"top3","095","0","102","102"
"top3","096","0","102","102"
"top3","097","1","102","102"
"top3","098","0","102","102"
"top3","099","0","102","102"
"top3","100","0","102","102"
"top3","101","0","102","102"
"top3","102","0","102","102"
"top3","103","0","102","102"
"top3","104","0","102","102"
"top3","105","0","102","102"
"top3","106","2","102","102"
"top3","107","0","102","102"
"top3","108","0","102","102"
"top3","109","0","102","102"
"top3","110","0","102","102"
"top3","111","0","102","102"
"top3","112","0","102","102"
"top3","113","0","102","102"
"top3","114","0","102","102"
"top3","115","0","102","102"
"top3","116","1","102","102"
"top3","117","0","102","102"
"top3","118","0","102","102"
"top3","119","0","102","102"
"top3","120","0","102","102"
"top3","121","0","102","102"
"top3","122","0","102","102"
"top3","123","0","102","102"
"top3","124","0","102","102"
"top3","125","0","102","102"
"top3","126","0","102","102"
"top3","127","0","102","102"
"top3","128","0","102","102"
"top3","129","0","102","102"
"top3","130","0","102","102"
"top3","131","0","102","102"
"top3","132","0","102","102"
"top3","133","0","102","102"
"top3","134","0","102","102"
"top3","135","0","102","102"
"top3","136","0","102","102"
"top3","137","0","102","102"
"top3","138","0","102","102"
"top3","139","0","102","102"
"top3","140","0","102","102"
"top3","141","0","102","102"
"top3","142","0","102","102"
"top3","143","0","102","102"
"top3","144","0","102","102"
"top3","145","1","102","102"
"top3","146","0","102","102"
"top3","147","0","102","102"
"top3","148","0","102","102"
"top3","149","0","102","102"
"top3","150","0","102","102"
"top3","151","0","102","102"
"top3","152","0","102","102"
"top3","153","0","102","102"
"top3","154","0","102","102"
"top3","155","0","102","102"
"top3","156","0","102","102"
"top3","157","0","102","102"
"top3","158","0","102","102"
"top3","159","0","102","102"
"top3","160","0","102","102"
"top3","161","0","102","102"
"top3","162","0","102","102"
"top3","163","0","102","102"
"top3","164","0","102","102"
"top3","165","0","102","102"
"top3","166","0","102","102"
"top3","167","0","102","102"
"top3","168","0","102","102"
"top3","169","0","102","102"
"top3","170","0","102","102"
"top3","171","0","102","102"
"top3","172","0","102","102"
"top3","173","0","102","102"
"top3","174","0","102","102"
"top3","175","0","102","102"
"top3","176","0","102","102"
"top3","177","0","102","102"
"top3","178","0","102","102"
"top3","179","0","102","102"
"top3","180","0","102","102"
"top3","181","0","102","102"
"top3","182","0","102","102"
"top3","183","0","102","102"
"top3","184","1","102","102"
"top3","185","0","102","102"
"top3","186","0","102","102"
"top3","187","0","102","102"
"top3","188","0","102","102"
"top3","189","0","102","102"
"top3","190","0","102","102"
"top3","191","0","102","102"
"top3","192","0","102","102"
"top3","193","0","102","102"
"top3","194","0","102","102"
"top3","195","0","102","102"
"top3","196","1","102","102"
"top3","197","0","102","102"
"top3","198","0","102","102"
"top3","199","0","102","102"
"top3","200","0","102","102"
"top3","201","0","102","102"
"top3","202","1","102","102"
"top3","203","0","102","102"
"top3","204","0","102","102"
"top3","205","0","102","102"
"top3","206","0","102","102"
"top3","207","0","102","102"
"top3","208","0","102","102"
"top3","209","1","102","102"
"top3","210","0","102","102"
"top3","211","0","102","102"
"top3","212","1","102","102"
"top3","213","0","102","102"
"top3","214","1","102","102"
"top3","215","0","102","102"
"top3","216","0","102","102"
"top3","217","0","102","102"
"top3","218","0","102","102"
"top3","219","0","102","102"
"top3","220","0","102","102"
"top3","221","1","102","102"
"top3","222","0","102","102"
"top3","223","0","102","102"
"top3","224","0","102","102"
"top3","225","0","102","102"
"top3","226","0","102","102"
"top3","227","1","102","102"
"top3","228","0","102","102"
"top3","229","0","102","102"
"top3","230","0","102","102"
"top3","231","0","102","102"
"top3","232","0","102","102"
"top3","233","0","102","102"
"top3","234","0","102","102"
"top3","235","0","102","102"
"top3","236","0","102","102"
"top3","237","0","102","102"
"top3","238","0","102","102"
"top3","239","0","102","102"
"top3","240","0","102","102"
"top3","241","0","102","102"
"top3","242","0","102","102"
"top3","243","0","102","102"
"top3","244","0","102","102"
"top3","245","0","102","102"
"top3","246","1","102","102"
"top3","247","0","102","102"
"top3","248","0","102","102"
"top3","249","0","102","102"
"top3","250","0","102","102"
"top3","251","0","102","102"
"top3","252","1","102","102"
"top3","253","0","102","102"
"top3","254","0","102","102"
"top3","255","0","102","102"
"top3","256","0","102","102"
"top3","257","0","102","102"
"top3","258","0","102","102"
"top3","259","0","102","102"
"top3","260","0","102","102"
"top3","261","0","102","102"
"top3","262","0","102","102"
"top3","263","0","102","102"
"top3","264","0","102","102"
"top3","265","0","102","102"
"top3","266","0","102","102"
"top3","267","0","102","102"
"top3","268","0","102","102"
"top3","269","0","102","102"
"top3","270","0","102","102"
"top3","271","0","102","102"
"top3","272","1","102","102"
"top3","273","0","102","102"
"top3","274","0","102","102"
"top3","275","0","102","102"
"top3","276","0","102","102"
"top3","277","0","102","102"
"top3","278","0","102","102"
"top3","279","0","102","102"
"top3","280","0","102","102"
"top3","281","0","102","102"
"top3","282","0","102","102"
"top3","283","0","102","102"
"top3","284","0","102","102"
"top3","285","0","102","102"
"top3","286","0","102","102"
"top3","287","0","102","102"
"top3","288","0","102","102"
"top3","289","0","102","102"
"top3","290","0","102","102"
"top3","291","0","102","102"
"top3","292","0","102","102"
"top3","293","0","102","102"
"top3","294","0","102","102"
"top3","295","0","102","102"
"top3","296","0","102","102"
"top3","297","0","102","102"
"top3","298","0","102","102"
"top3","299","0","102","102"
"top3","300","0","102","102"
"top3","301","0","102","102"
"top3","302","0","102","102"
"top3","303","0","102","102"
"top3","304","0","102","102"
"top3","305","0","102","102"
"top3","306","0","102","102"
"top3","307","0","102","102"
"top3","308","0","102","102"
"top3","309","1","102","102"
"top3","310","0","102","102"
"top3","311","0","102","102"
"top3","312","0","102","102"
"top3","313","0","102","102"
"top3","314","0","102","102"
"top3","315","0","102","102"
"top3","316","0","102","102"
"top3","317","0","102","102"
"top3","318","0","102","102"
"top3","319","0","102","102"
"top3","320","0","102","102"
"top3","321","0","102","102"
"top3","322","0","102","102"
"top3","323","0","102","102"
"top3","324","1","102","102"
"top3","325","0","102","102"
"top3","326","0","102","102"
"top3","327","0","102","102"
"top3","328","0","102","102"
"top3","329","0","102","102"
"top3","330","0","102","102"
"top3","331","0","102","102"
"top3","332","1","102","102"
"top3","333","0","102","102"
"top3","334","0","102","102"
"top3","335","0","102","102"
"top3","336","1","102","102"
"top3","337","0","102","102"
"top3","338","0","102","102"
"top3","339","0","102","102"
"top3","340","0","102","102"
"top3","341","0","102","102"
"top3","342","0","102","102"
"top3","343","0","102","102"
"top3","344","0","102","102"
"top3","345","0","102","102"
"top3","346","0","102","102"
"top3","347","0","102","102"
"top3","348","0","102","102"
"top3","349","0","102","102"
"top3","350","0","102","102"
"top3","351","0","102","102"
"top3","352","1","102","102"
"top3","353","0","102","102"
"top3","354","0","102","102"
"top3","355","0","102","102"
"top3","356","1","102","102"
"top3","357","0","102","102"
"top3","358","0","102","102"
"top3","359","0","102","102"
"top3","360","0","102","102"
"top3","361","0","102","102"
"top3","362","0","102","102"
"top3","363","0","102","102"
"top3","364","0","102","102"
"top3","365","0","102","102"
"top3","366","0","102","102"
"top3","367","0","102","102"
"top3","368","0","102","102"
"top3","369","0","102","102"
"top3","370","0","102","102"
"top3","371","0","102","102"
"top3","372","0","102","102"
"top3","373","0","102","102"
"top3","374","0","102","102"
"top3","375","0","102","102"
"top3","376","0","102","102"
"top3","377","1","102","102"
"top3","378","0","102","102"
"top3","379","0","102","102"
"top3","380","0","102","102"
"top3","381","0","102","102"
"top3","382","0","102","102"
"top3","383","0","102","102"
"top3","384","0","102","102"
"top3","385","0","102","102"
"top3","386","0","102","102"
"top3","387","1","102","102"
"top3","388","1","102","102"
"top3","389","0","102","102"
"top3","390","0","102","102"
"top3","391","0","102","102"
"top3","392","1","102","102"
"top3","393","0","102","102"
"top3","394","0","102","102"
"top3","395","1","102","102"
"top3","396","0","102","102"
"top3","397","0","102","102"
"top3","398","0","102","102"
"top3","399","0","102","102"
"top3","400","0","102","102"
"top3","401","0","102","102"
"top3","402","0","102","102"
"top3","403","0","102","102"
"top3","404","0","102","102"
"top3","405","1","102","102"
"top3","406","0","102","102"
"top3","407","0","102","102"
"top3","408","0","102","102"
"top3","409","0","102","102"
"top3","410","0","102","102"
"top3","411","1","102","102"
"top3","412","0","102","102"
"top3","413","0","102","102"
"top3","414","0","102","102"
"top3","415","0","102","102"
"top3","416","0","102","102"
"top3","417","2","102","102"
"top3","418","0","102","102"
"top3","419","0","102","102"
"top3","420","0","102","102"
"top3","421","0","102","102"
"top3","422","0","102","102"
"top3","423","0","102","102"
"top3","424","0","102","102"
"top3","425","0","102","102"
"top3","426","0","102","102"
"top3","427","0","102","102"
"top3","428","0","102","102"
"top3","429","0","102","102"
"top3","430","0","102","102"
"top3","431","0","102","102"
"top3","432","0","102","102"
"top3","433","0","102","102"
"top3","434","0","102","102"
"top3","435","0","102","102"
"top3","436","0","102","102"
"top3","437","0","102","102"
"top3","438","0","102","102"
"top3","439","0","102","102"
"top3","440","0","102","102"
"top3","441","0","102","102"
"top3","442","0","102","102"
"top3","443","0","102","102"
"top3","444","0","102","102"
"top3","445","0","102","102"
"top3","446","1","102","102"
"top3","447","0","102","102"
"top3","448","0","102","102"
"top3","449","0","102","102"
"top3","450","0","102","102"
"top3","451","0","102","102"
"top3","452","0","102","102"
"top3","453","0","102","102"
"top3","454","0","102","102"
"top3","455","0","102","102"
"top3","456","0","102","102"
"top3","457","0","102","102"
"top3","458","0","102","102"
"top3","459","0","102","102"
"top3","460","0","102","102"
"top3","461","0","102","102"
"top3","462","0","102","102"
"top3","463","0","102","102"
"top3","464","0","102","102"
"top3","465","0","102","102"
"top3","466","0","102","102"
"top3","467","0","102","102"
"top3","468","0","102","102"
"top3","469","0","102","102"
"top3","470","0","102","102"
"top3","471","0","102","102"
"top3","472","0","102","102"
"top3","473","0","102","102"
"top3","474","0","102","102"
"top3","475","0","102","102"
"top3","476","0","102","102"
"top3","477","0","102","102"
"top3","478","1","102","102"
"top3","479","1","102","102"
"top3","480","0","102","102"
"top3","481","1","102","102"
"top3","482","0","102","102"
"top3","483","0","102","102"
"top3","484","0","102","102"
"top3","485","0","102","102"
"top3","486","0","102","102"
"top3","487","0","102","102"
"top3","488","0","102","102"
"top3","489","0","102","102"
"top3","490","0","102","102"
"top3","491","0","102","102"
"top3","492","0","102","102"
"top3","493","0","102","102"
"top3","494","0","102","102"
"top3","495","1","102","102"
"top3","496","0","102","102"
"top3","497","0","102","102"
"top3","498","0","102","102"
"top3","499","0","102","102"
"top3","500","0","102","102"
"top3","501","0","102","102"
"top3","502","0","102","102"
"top3","503","1","102","102"
"top3","504","1","102","102"
"top3","505","0","102","102"
"top3","506","0","102","102"
"top3","507","0","102","102"
"top3","508","0","102","102"
"top3","509","0","102","102"
"top3","510","0","102","102"
"top3","511","0","102","102"
"top3","512","0","102","102"
"top3","513","0","102","102"
"top3","514","1","102","102"
"top3","515","0","102","102"
"top3","516","0","102","102"
"top3","517","0","102","102"
"top3","518","0","102","102"
"top3","519","1","102","102"
"top3","520","0","102","102"
"top3","521","0","102","102"
"top3","522","0","102","102"
"top3","523","0","102","102"
"top3","524","0","102","102"
"top3","525","0","102","102"
"top3","526","0","102","102"
"top3","527","0","102","102"
"top3","528","0","102","102"
"top3","529","0","102","102"
"top3","530","1","102","102"
"top3","531","0","102","102"
"top3","532","0","102","102"
"top3","533","0","102","102"
"top3","534","0","102","102"
"top3","535","0","102","102"
"top3","536","0","102","102"
"top3","537","0","102","102"
"top3","538","0","102","102"
"top3","539","0","102","102"
"top3","540","0","102","102"
"top3","541","0","102","102"
"top3","542","0","102","102"
"top3","543","0","102","102"
"top3","544","1","102","102"
"top3","545","0","102","102"
"top3","546","0","102","102"
"top3","547","0","102","102"
"top3","548","0","102","102"
"top3","549","0","102","102"
"top3","550","0","102","102"
"top3","551","0","102","102"
"top3","552","0","102","102"
"top3","553","0","102","102"
"top3","554","0","102","102"
"top3","555","0","102","102"
"top3","556","0","102","102"
"top3","557","0","102","102"
"top3","558","0","102","102"
"top3","559","0","102","102"
"top3","560","0","102","102"
"top3","561","0","102","102"
"top3","562","0","102","102"
"top3","563","2","102","102"
"top3","564","0","102","102"
"top3","565","0","102","102"
"top3","566","0","102","102"
"top3","567","0","102","102"
"top3","568","0","102","102"
"top3","569","0","102","102"
"top3","570","0","102","102"
"top3","571","0","102","102"
"top3","572","0","102","102"
"top3","573","0","102","102"
"top3","574","0","102","102"
"top3","575","0","102","102"
"top3","576","0","102","102"
"top3","577","0","102","102"
"top3","578","0","102","102"
"top3","579","0","102","102"
"top3","580","0","102","102"
"top3","581","0","102","102"
"top3","582","0","102","102"
"top3","583","1","102","102"
"top3","584","0","102","102"
"top3","585","0","102","102"
"top3","586","0","102","102"
"top3","587","0","102","102"
"top3","588","0","102","102"
"top3","589","0","102","102"
"top3","590","0","102","102"
"top3","591","0","102","102"
"top3","592","0","102","102"
"top3","593","1","102","102"
"top3","594","1","102","102"
"top3","595","0","102","102"
"top3","596","0","102","102"
"top3","597","0","102","102"
"top3","598","1","102","102"
"top3","599","0","102","102"
"top3","600","0","102","102"
"top3","601","0","102","102"
"top3","602","0","102","102"
"top3","603","1","102","102"
"top3","604","0","102","102"
"top3","605","1","102","102"
"top3","606","1","102","102"
"top3","607","0","102","102"
"top3","608","0","102","102"
"top3","609","0","102","102"
"top3","610","0","102","102"
"top3","611","0","102","102"
"top3","612","1","102","102"
"top3","613","0","102","102"
"top3","614","0","102","102"
"top3","615","1","102","102"
"top3","616","0","102","102"
"top3","617","0","102","102"
"top3","618","0","102","102"
"top3","619","0","102","102"
"top3","620","0","102","102"
"top3","621","0","102","102"
"top3","622","0","102","102"
"top3","623","0","102","102"
"top3","624","0","102","102"
"top3","625","0","102","102"
"top3","626","1","102","102"
"top3","627","0","102","102"
"top3","628","0","102","102"
"top3","629","1","102","102"
"top3","630","0","102","102"
"top3","631","0","102","102"
"top3","632","0","102","102"
"top3","633","0","102","102"
"top3","634","0","102","102"
"top3","635","0","102","102"
"top3","636","0","102","102"
"top3","637","0","102","102"
"top3","638","0","102","102"
"top3","639","0","102","102"
"top3","640","1","102","102"
"top3","641","0","102","102"
"top3","642","0","102","102"
"top3","643","0","102","102"
"top3","644","0","102","102"
"top3","645","0","102","102"
"top3","646","1","102","102"
"top3","647","0","102","102"
"top3","648","0","102","102"
"top3","649","0","102","102"
"top3","650","0","102","102"
"top3","651","0","102","102"
"top3","652","1","102","102"
"top3","653","0","102","102"
"top3","654","0","102","102"
"top3","655","0","102","102"
"top3","656","0","102","102"
"top3","657","0","102","102"
"top3","658","0","102","102"
"top3","659","0","102","102"
"top3","660","0","102","102"
"top3","661","0","102","102"
"top3","662","1","102","102"
"top3","663","0","102","102"
"top3","664","0","102","102"
"top3","665","1","102","102"
"top3","666","0","102","102"
"top3","667","0","102","102"
"top3","668","0","102","102"
"top3","669","1","102","102"
"top3","670","0","102","102"
"top3","671","0","102","102"
"top3","672","0","102","102"
"top3","673","0","102","102"
"top3","674","0","102","102"
"top3","675","0","102","102"
"top3","676","0","102","102"
"top3","677","0","102","102"
"top3","678","0","102","102"
"top3","679","0","102","102"
"top3","680","0","102","102"
"top3","681","0","102","102"
"top3","682","0","102","102"
"top3","683","0","102","102"
"top3","684","0","102","102"
"top3","685","0","102","102"
"top3","686","0","102","102"
"top3","687","1","102","102"
"top3","688","0","102","102"
"top3","689","0","102","102"
"top3","690","1","102","102"
"top3","691","0","102","102"
"top3","692","0","102","102"
"top3","693","0","102","102"
"top3","694","0","102","102"
"top3","695","0","102","102"
"top3","696","1","102","102"
"top3","697","0","102","102"
"top3","698","0","102","102"
"top3","699","0","102","102"
"top3","700","1","102","102"
"top3","701","1","102","102"
"top3","702","0","102","102"
"top3","703","1","102","102"
"top3","704","0","102","102"
"top3","705","0","102","102"
"top3","706","1","102","102"
"top3","707","0","102","102"
"top3","708","0","102","102"
"top3","709","0","102","102"
"top3","710","0","102","102"
"top3","711","0","102","102"
"top3","712","0","102","102"
"top3","713","0","102","102"
"top3","714","0","102","102"
"top3","715","0","102","102"
"top3","716","0","102","102"
"top3","717","0","102","102"
"top3","718","0","102","102"
"top3","719","0","102","102"
"top3","720","0","102","102"
"top3","721","0","102","102"
"top3","722","0","102","102"
"top3","723","0","102","102"
"top3","724","0","102","102"
"top3","725","0","102","102"
"top3","726","0","102","102"
"top3","727","0","102","102"
"top3","728","0","102","102"
"top3","729","0","102","102"
"top3","730","0","102","102"
"top3","731","0","102","102"
"top3","732","0","102","102"
"top3","733","0","102","102"
"top3","734","0","102","102"
"top3","735","0","102","102"
"top3","736","0","102","102"
"top3","737","0","102","102"
"top3","738","0","102","102"
"top3","739","0","102","102"
"top3","740","0","102","102"
"top3","741","0","102","102"
"top3","742","0","102","102"
"top3","743","0","102","102"
"top3","744","0","102","102"
"top3","745","0","102","102"
"top3","746","0","102","102"
"top3","747","0","102","102"
"top3","748","0","102","102"
"top3","749","0","102","102"
"top3","750","0","102","102"
"top3","751","0","102","102"
"top3","752","0","102","102"
"top3","753","0","102","102"
"top3","754","0","102","102"
"top3","755","0","102","102"
"top3","756","0","102","102"
"top3","757","1","102","102"
"top3","758","0","102","102"
"top3","759","0","102","102"
"top3","760","0","102","102"
"top3","761","0","102","102"
"top3","762","0","102","102"
"top3","763","0","102","102"
"top3","764","0","102","102"
"top3","765","0","102","102"
"top3","766","0","102","102"
"top3","767","0","102","102"
"top3","768","0","102","102"
"top3","769","0","102","102"
"top3","770","1","102","102"
"top3","771","0","102","102"
"top3","772","0","102","102"
"top3","773","0","102","102"
"top3","774","0","102","102"
"top3","775","0","102","102"
"top3","776","0","102","102"
"top3","777","0","102","102"
"top3","778","0","102","102"
"top3","779","1","102","102"
"top3","780","0","102","102"
"top3","781","0","102","102"
"top3","782","1","102","102"
"top3","783","0","102","102"
"top3","784","0","102","102"
"top3","785","0","102","102"
"top3","786","0","102","102"
"top3","787","0","102","102"
"top3","788","0","102","102"
"top3","789","1","102","102"
"top3","790","0","102","102"
"top3","791","0","102","102"
"top3","792","0","102","102"
"top3","793","0","102","102"
"top3","794","0","102","102"
"top3","795","0","102","102"
"top3","796","0","102","102"
"top3","797","0","102","102"
"top3","798","0","102","102"
"top3","799","0","102","102"
"top3","800","0","102","102"
"top3","801","0","102","102"
"top3","802","0","102","102"
"top3","803","0","102","102"
"top3","804","0","102","102"
"top3","805","1","102","102"
"top3","806","0","102","102"
"top3","807","0","102","102"
"top3","808","0","102","102"
"top3","809","0","102","102"
"top3","810","0","102","102"
"top3","811","0","102","102"
"top3","812","1","102","102"
"top3","813","0","102","102"
"top3","814","0","102","102"
"top3","815","0","102","102"
"top3","816","0","102","102"
"top3","817","0","102","102"
"top3","818","0","102","102"
"top3","819","0","102","102"
"top3","820","0","102","102"
"top3","821","0","102","102"
"top3","822","0","102","102"
"top3","823","0","102","102"
"top3","824","0","102","102"
"top3","825","0","102","102"
"top3","826","0","102","102"
"top3","827","0","102","102"
"top3","828","0","102","102"
"top3","829","0","102","102"
"top3","830","0","102","102"
"top3","831","0","102","102"
"top3","832","0","102","102"
"top3","833","0","102","102"
"top3","834","0","102","102"
"top3","835","0","102","102"
"top3","836","0","102","102"
"top3","837","0","102","102"
"top3","838","0","102","102"
"top3","839","0","102","102"
"top3","840","0","102","102"
"top3","841","0","102","102"
"top3","842","0","102","102"
"top3","843","1","102","102"
"top3","844","0","102","102"
"top3","845","0","102","102"
"top3","846","0","102","102"
"top3","847","0","102","102"
"top3","848","0","102","102"
"top3","849","0","102","102"
"top3","850","0","102","102"
"top3","851","0","102","102"
"top3","852","1","102","102"
"top3","853","0","102","102"
"top3","854","0","102","102"
"top3","855","0","102","102"
"top3","856","0","102","102"
"top3","857","0","102","102"
"top3","858","0","102","102"
"top3","859","0","102","102"
"top3","860","0","102","102"
"top3","861","0","102","102"
"top3","862","0","102","102"
"top3","863","1","102","102"
"top3","864","0","102","102"
"top3","865","1","102","102"
"top3","866","1","102","102"
"top3","867","1","102","102"
"top3","868","0","102","102"
"top3","869","0","102","102"
"top3","870","0","102","102"
"top3","871","0","102","102"
"top3","872","1","102","102"
"top3","873","1","102","102"
"top3","874","0","102","102"
"top3","875","0","102","102"
"top3","876","0","102","102"
"top3","877","0","102","102"
"top3","878","0","102","102"
"top3","879","0","102","102"
"top3","880","0","102","102"
"top3","881","0","102","102"
"top3","882","0","102","102"
"top3","883","0","102","102"
"top3","884","0","102","102"
"top3","885","0","102","102"
"top3","886","0","102","102"
"top3","887","0","102","102"
"top3","888","0","102","102"
"top3","889","0","102","102"
"top3","890","0","102","102"
"top3","891","0","102","102"
"top3","892","0","102","102"
"top3","893","0","102","102"
"top3","894","1","102","102"
"top3","895","1","102","102"
"top3","896","0","102","102"
"top3","897","0","102","102"
"top3","898","1","102","102"
"top3","899","0","102","102"
"top3","900","0","102","102"
"top3","901","0","102","102"
"top3","902","0","102","102"
"top3","903","1","102","102"
"top3","904","0","102","102"
"top3","905","0","102","102"
"top3","906","1","102","102"
"top3","907","1","102","102"
"top3","908","0","102","102"
"top3","909","0","102","102"
"top3","910","0","102","102"
"top3","911","0","102","102"
"top3","912","0","102","102"
"top3","913","0","102","102"
"top3","914","0","102","102"
"top3","915","0","102","102"
"top3","916","0","102","102"
"top3","917","0","102","102"
"top3","918","0","102","102"
"top3","919","0","102","102"
"top3","920","0","102","102"
"top3","921","0","102","102"
"top3","922","0","102","102"
"top3","923","0","102","102"
"top3","924","0","102","102"
"top3","925","0","102","102"
"top3","926","0","102","102"
"top3","927","0","102","102"
"top3","928","0","102","102"
"top3","929","0","102","102"
"top3","930","0","102","102"
"top3","931","0","102","102"
"top3","932","0","102","102"
"top3","933","0","102","102"
"top3","934","0","102","102"
"top3","935","0","102","102"
"top3","936","0","102","102"
"top3","937","0","102","102"
"top3","938","0","102","102"
"top3","939","0","102","102"
"top3","940","0","102","102"
"top3","941","0","102","102"
"top3","942","0","102","102"
"top3","943","0","102","102"
"top3","944","0","102","102"
"top3","945","0","102","102"
"top3","946","0","102","102"
"top3","947","0","102","102"
"top3","948","0","102","102"
"top3","949","0","102","102"
"top3","950","0","102","102"
"top3","951","1","102","102"
"top3","952","0","102","102"
"top3","953","0","102","102"
"top3","954","0","102","102"
"top3","955","0","102","102"
"top3","956","0","102","102"
"top3","957","0","102","102"
"top3","958","0","102","102"
"top3","959","0","102","102"
"top3","960","0","102","102"
"top3","961","0","102","102"
"top3","962","1","102","102"
"top3","963","0","102","102"
"top3","964","0","102","102"
"top3","965","0","102","102"
"top3","966","0","102","102"
"top3","967","0","102","102"
"top3","968","0","102","102"
"top3","969","0","102","102"
"top3","970","0","102","102"
"top3","971","0","102","102"
"top3","972","1","102","102"
"top3","973","0","102","102"
"top3","974","0","102","102"
"top3","975","0","102","102"
"top3","976","0","102","102"
"top3","977","0","102","102"
"top3","978","1","102","102"
"top3","979","1","102","102"
"top3","980","0","102","102"
"top3","981","0","102","102"
"top3","982","0","102","102"
"top3","983","0","102","102"
"top3","984","0","102","102"
"top3","985","0","102","102"
"top3","986","0","102","102"
"top3","987","0","102","102"
"top3","988","0","102","102"
"top3","989","0","102","102"
"top3","990","1","102","102"
"top3","991","0","102","102"
"top3","992","0","102","102"
"top3","993","0","102","102"
"top3","994","0","102","102"
"top3","995","0","102","102"
"top3","996","0","102","102"
"top3","997","0","102","102"
"top3","998","0","102","102"
"top3","999","0","102","102"
"first3OfFirst","000","0","102","102"
"first3OfFirst","001","0","102","102"
"first3OfFirst","002","0","102","102"
"first3OfFirst","003","0","102","102"
"first3OfFirst","004","1","102","102"
"first3OfFirst","005","0","102","102"
"first3OfFirst","006","0","102","102"
"first3OfFirst","007","0","102","102"
"first3OfFirst","008","0","102","102"
"first3OfFirst","009","0","102","102"
"first3OfFirst","010","0","102","102"
"first3OfFirst","011","0","102","102"
"first3OfFirst","012","0","102","102"
"first3OfFirst","013","0","102","102"
"first3OfFirst","014","0","102","102"
"first3OfFirst","015","0","102","102"
"first3OfFirst","016","0","102","102"
"first3OfFirst","017","0","102","102"
"first3OfFirst","018","0","102","102"
"first3OfFirst","019","0","102","102"
"first3OfFirst","020","0","102","102"
"first3OfFirst","021","0","102","102"
"first3OfFirst","022","0","102","102"
"first3OfFirst","023","0","102","102"
"first3OfFirst","024","0","102","102"
"first3OfFirst","025","1","102","102"
"first3OfFirst","026","0","102","102"
"first3OfFirst","027","0","102","102"
"first3OfFirst","028","0","102","102"
"first3OfFirst","029","0","102","102"
"first3OfFirst","030","0","102","102"
"first3OfFirst","031","0","102","102"
"first3OfFirst","032","0","102","102"
"first3OfFirst","033","0","102","102"
"first3OfFirst","034","0","102","102"
"first3OfFirst","035","0","102","102"
"first3OfFirst","036","0","102","102"
"first3OfFirst","037","0","102","102"
"first3OfFirst","038","0","102","102"
"first3OfFirst","039","0","102","102"
"first3OfFirst","040","0","102","102"
"first3OfFirst","041","0","102","102"
"first3OfFirst","042","0","102","102"
"first3OfFirst","043","0","102","102"
"first3OfFirst","044","0","102","102"
"first3OfFirst","045","0","102","102"
"first3OfFirst","046","0","102","102"
"first3OfFirst","047","0","102","102"
"first3OfFirst","048","0","102","102"
"first3OfFirst","049","0","102","102"
"first3OfFirst","050","0","102","102"
"first3OfFirst","051","0","102","102"
"first3OfFirst","052","0","102","102"
"first3OfFirst","053","0","102","102"
"first3OfFirst","054","0","102","102"
"first3OfFirst","055","0","102","102"
"first3OfFirst","056","0","102","102"
"first3OfFirst","057","0","102","102"
"first3OfFirst","058","0","102","102"
"first3OfFirst","059","1","102","102"
"first3OfFirst","060","0","102","102"
"first3OfFirst","061","0","102","102"
"first3OfFirst","062","0","102","102"
"first3OfFirst","063","0","102","102"
"first3OfFirst","064","0","102","102"
"first3OfFirst","065","0","102","102"
"first3OfFirst","066","0","102","102"
"first3OfFirst","067","0","102","102"
"first3OfFirst","068","0","102","102"
"first3OfFirst","069","0","102","102"
"first3OfFirst","070","0","102","102"
"first3OfFirst","071","0","102","102"
"first3OfFirst","072","0","102","102"
"first3OfFirst","073","0","102","102"
"first3OfFirst","074","1","102","102"
"first3OfFirst","075","0","102","102"
"first3OfFirst","076","0","102","102"
"first3OfFirst","077","0","102","102"
"first3OfFirst","078","0","102","102"
"first3OfFirst","079","0","102","102"
"first3OfFirst","080","0","102","102"
"first3OfFirst","081","0","102","102"
"first3OfFirst","082","0","102","102"
"first3OfFirst","083","0","102","102"
"first3OfFirst","084","0","102","102"
"first3OfFirst","085","0","102","102"
"first3OfFirst","086","0","102","102"
"first3OfFirst","087","1","102","102"
"first3OfFirst","088","0","102","102"
"first3OfFirst","089","0","102","102"
"first3OfFirst","090","0","102","102"
"first3OfFirst","091","0","102","102"
"first3OfFirst","092","0","102","102"
"first3OfFirst","093","0","102","102"
"first3OfFirst","094","0","102","102"
"first3OfFirst","095","1","102","102"
"first3OfFirst","096","0","102","102"
"first3OfFirst","097","1","102","102"
"first3OfFirst","098","0","102","102"
"first3OfFirst","099","0","102","102"
"first3OfFirst","100","0","102","102"
"first3OfFirst","101","0","102","102"
"first3OfFirst","102","0","102","102"
"first3OfFirst","103","0","102","102"
"first3OfFirst","104","0","102","102"
"first3OfFirst","105","1","102","102"
"first3OfFirst","106","0","102","102"
"first3OfFirst","107","1","102","102"
"first3OfFirst","108","0","102","102"
"first3OfFirst","109","0","102","102"
"first3OfFirst","110","0","102","102"
"first3OfFirst","111","0","102","102"
"first3OfFirst","112","0","102","102"
"first3OfFirst","113","0","102","102"
"first3OfFirst","114","0","102","102"
"first3OfFirst","115","0","102","102"
"first3OfFirst","116","0","102","102"
"first3OfFirst","117","0","102","102"
"first3OfFirst","118","0","102","102"
"first3OfFirst","119","0","102","102"
"first3OfFirst","120","0","102","102"
"first3OfFirst","121","1","102","102"
"first3OfFirst","122","0","102","102"
"first3OfFirst","123","0","102","102"
"first3OfFirst","124","0","102","102"
"first3OfFirst","125","1","102","102"
"first3OfFirst","126","0","102","102"
"first3OfFirst","127","0","102","102"
"first3OfFirst","128","0","102","102"
"first3OfFirst","129","0","102","102"
"first3OfFirst","130","0","102","102"
"first3OfFirst","131","0","102","102"
"first3OfFirst","132","1","102","102"
"first3OfFirst","133","0","102","102"
"first3OfFirst","134","0","102","102"
"first3OfFirst","135","0","102","102"
"first3OfFirst","136","0","102","102"
"first3OfFirst","137","0","102","102"
"first3OfFirst","138","0","102","102"
"first3OfFirst","139","0","102","102"
"first3OfFirst","140","0","102","102"
"first3OfFirst","141","0","102","102"
"first3OfFirst","142","0","102","102"
"first3OfFirst","143","0","102","102"
"first3OfFirst","144","0","102","102"
"first3OfFirst","145","0","102","102"
"first3OfFirst","146","0","102","102"
"first3OfFirst","147","0","102","102"
"first3OfFirst","148","0","102","102"
"first3OfFirst","149","0","102","102"
"first3OfFirst","150","0","102","102"
"first3OfFirst","151","0","102","102"
"first3OfFirst","152","0","102","102"
"first3OfFirst","153","0","102","102"
"first3OfFirst","154","0","102","102"
"first3OfFirst","155","0","102","102"
"first3OfFirst","156","0","102","102"
"first3OfFirst","157","1","102","102"
"first3OfFirst","158","0","102","102"
"first3OfFirst","159","0","102","102"
"first3OfFirst","160","0","102","102"
"first3OfFirst","161","0","102","102"
"first3OfFirst","162","0","102","102"
"first3OfFirst","163","0","102","102"
"first3OfFirst","164","0","102","102"
"first3OfFirst","165","0","102","102"
"first3OfFirst","166","0","102","102"
"first3OfFirst","167","0","102","102"
"first3OfFirst","168","0","102","102"
"first3OfFirst","169","1","102","102"
"first3OfFirst","170","0","102","102"
"first3OfFirst","171","0","102","102"
"first3OfFirst","172","0","102","102"
"first3OfFirst","173","1","102","102"
"first3OfFirst","174","1","102","102"
"first3OfFirst","175","0","102","102"
"first3OfFirst","176","0","102","102"
"first3OfFirst","177","0","102","102"
"first3OfFirst","178","0","102","102"
"first3OfFirst","179","0","102","102"
"first3OfFirst","180","0","102","102"
"first3OfFirst","181","0","102","102"
"first3OfFirst","182","0","102","102"
"first3OfFirst","183","0","102","102"
"first3OfFirst","184","0","102","102"
"first3OfFirst","185","0","102","102"
"first3OfFirst","186","0","102","102"
"first3OfFirst","187","1","102","102"
"first3OfFirst","188","0","102","102"
"first3OfFirst","189","0","102","102"
"first3OfFirst","190","0","102","102"
"first3OfFirst","191","0","102","102"
"first3OfFirst","192","0","102","102"
"first3OfFirst","193","0","102","102"
"first3OfFirst","194","0","102","102"
"first3OfFirst","195","0","102","102"
"first3OfFirst","196","0","102","102"
"first3OfFirst","197","0","102","102"
"first3OfFirst","198","0","102","102"
"first3OfFirst","199","1","102","102"
"first3OfFirst","200","0","102","102"
"first3OfFirst","201","0","102","102"
"first3OfFirst","202","0","102","102"
"first3OfFirst","203","0","102","102"
"first3OfFirst","204","0","102","102"
"first3OfFirst","205","1","102","102"
"first3OfFirst","206","0","102","102"
"first3OfFirst","207","0","102","102"
"first3OfFirst","208","0","102","102"
"first3OfFirst","209","0","102","102"
"first3OfFirst","210","0","102","102"
"first3OfFirst","211","0","102","102"
"first3OfFirst","212","0","102","102"
"first3OfFirst","213","1","102","102"
"first3OfFirst","214","0","102","102"
"first3OfFirst","215","0","102","102"
"first3OfFirst","216","0","102","102"
"first3OfFirst","217","0","102","102"
"first3OfFirst","218","0","102","102"
"first3OfFirst","219","0","102","102"
"first3OfFirst","220","0","102","102"
"first3OfFirst","221","0","102","102"
"first3OfFirst","222","0","102","102"
"first3OfFirst","223","0","102","102"
"first3OfFirst","224","0","102","102"
"first3OfFirst","225","0","102","102"
"first3OfFirst","226","0","102","102"
"first3OfFirst","227","0","102","102"
"first3OfFirst","228","0","102","102"
"first3OfFirst","229","0","102","102"
"first3OfFirst","230","0","102","102"
"first3OfFirst","231","0","102","102"
"first3OfFirst","232","0","102","102"
"first3OfFirst","233","0","102","102"
"first3OfFirst","234","0","102","102"
"first3OfFirst","235","0","102","102"
"first3OfFirst","236","0","102","102"
"first3OfFirst","237","0","102","102"
"first3OfFirst","238","0","102","102"
"first3OfFirst","239","0","102","102"
"first3OfFirst","240","0","102","102"
"first3OfFirst","241","0","102","102"
"first3OfFirst","242","0","102","102"
"first3OfFirst","243","0","102","102"
"first3OfFirst","244","0","102","102"
"first3OfFirst","245","1","102","102"
"first3OfFirst","246","0","102","102"
"first3OfFirst","247","0","102","102"
"first3OfFirst","248","0","102","102"
"first3OfFirst","249","0","102","102"
"first3OfFirst","250","0","102","102"
"first3OfFirst","251","2","102","102"
"first3OfFirst","252","0","102","102"
"first3OfFirst","253","1","102","102"
"first3OfFirst","254","0","102","102"
"first3OfFirst","255","0","102","102"
"first3OfFirst","256","0","102","102"
"first3OfFirst","257","0","102","102"
"first3OfFirst","258","0","102","102"
"first3OfFirst","259","0","102","102"
"first3OfFirst","260","0","102","102"
"first3OfFirst","261","0","102","102"
"first3OfFirst","262","0","102","102"
"first3OfFirst","263","0","102","102"
"first3OfFirst","264","1","102","102"
"first3OfFirst","265","0","102","102"
"first3OfFirst","266","1","102","102"
"first3OfFirst","267","0","102","102"
"first3OfFirst","268","0","102","102"
"first3OfFirst","269","0","102","102"
"first3OfFirst","270","0","102","102"
"first3OfFirst","271","0","102","102"
"first3OfFirst","272","0","102","102"
"first3OfFirst","273","0","102","102"
"first3OfFirst","274","0","102","102"
"first3OfFirst","275","0","102","102"
"first3OfFirst","276","0","102","102"
"first3OfFirst","277","0","102","102"
"first3OfFirst","278","0","102","102"
"first3OfFirst","279","0","102","102"
"first3OfFirst","280","0","102","102"
"first3OfFirst","281","0","102","102"
"first3OfFirst","282","0","102","102"
"first3OfFirst","283","0","102","102"
"first3OfFirst","284","0","102","102"
"first3OfFirst","285","0","102","102"
"first3OfFirst","286","0","102","102"
"first3OfFirst","287","1","102","102"
"first3OfFirst","288","0","102","102"
"first3OfFirst","289","0","102","102"
"first3OfFirst","290","0","102","102"
"first3OfFirst","291","0","102","102"
"first3OfFirst","292","1","102","102"
"first3OfFirst","293","0","102","102"
"first3OfFirst","294","0","102","102"
"first3OfFirst","295","0","102","102"
"first3OfFirst","296","0","102","102"
"first3OfFirst","297","1","102","102"
"first3OfFirst","298","0","102","102"
"first3OfFirst","299","0","102","102"
"first3OfFirst","300","0","102","102"
"first3OfFirst","301","0","102","102"
"first3OfFirst","302","0","102","102"
"first3OfFirst","303","0","102","102"
"first3OfFirst","304","0","102","102"
"first3OfFirst","305","0","102","102"
"first3OfFirst","306","0","102","102"
"first3OfFirst","307","0","102","102"
"first3OfFirst","308","0","102","102"
"first3OfFirst","309","1","102","102"
"first3OfFirst","310","0","102","102"
"first3OfFirst","311","0","102","102"
"first3OfFirst","312","0","102","102"
"first3OfFirst","313","0","102","102"
"first3OfFirst","314","0","102","102"
"first3OfFirst","315","0","102","102"
"first3OfFirst","316","0","102","102"
"first3OfFirst","317","0","102","102"
"first3OfFirst","318","0","102","102"
"first3OfFirst","319","0","102","102"
"first3OfFirst","320","1","102","102"
"first3OfFirst","321","0","102","102"
"first3OfFirst","322","0","102","102"
"first3OfFirst","323","0","102","102"
"first3OfFirst","324","0","102","102"
"first3OfFirst","325","0","102","102"
"first3OfFirst","326","0","102","102"
"first3OfFirst","327","0","102","102"
"first3OfFirst","328","0","102","102"
"first3OfFirst","329","0","102","102"
"first3OfFirst","330","0","102","102"
"first3OfFirst","331","1","102","102"
"first3OfFirst","332","0","102","102"
"first3OfFirst","333","0","102","102"
"first3OfFirst","334","0","102","102"
"first3OfFirst","335","0","102","102"
"first3OfFirst","336","0","102","102"
"first3OfFirst","337","0","102","102"
"first3OfFirst","338","0","102","102"
"first3OfFirst","339","0","102","102"
"first3OfFirst","340","1","102","102"
"first3OfFirst","341","0","102","102"
"first3OfFirst","342","0","102","102"
"first3OfFirst","343","0","102","102"
"first3OfFirst","344","0","102","102"
"first3OfFirst","345","1","102","102"
"first3OfFirst","346","0","102","102"
"first3OfFirst","347","0","102","102"
"first3OfFirst","348","0","102","102"
"first3OfFirst","349","0","102","102"
"first3OfFirst","350","0","102","102"
"first3OfFirst","351","0","102","102"
"first3OfFirst","352","0","102","102"
"first3OfFirst","353","0","102","102"
"first3OfFirst","354","0","102","102"
"first3OfFirst","355","0","102","102"
"first3OfFirst","356","1","102","102"
"first3OfFirst","357","0","102","102"
"first3OfFirst","358","0","102","102"
"first3OfFirst","359","0","102","102"
"first3OfFirst","360","0","102","102"
"first3OfFirst","361","0","102","102"
"first3OfFirst","362","0","102","102"
"first3OfFirst","363","0","102","102"
"first3OfFirst","364","0","102","102"
"first3OfFirst","365","0","102","102"
"first3OfFirst","366","0","102","102"
"first3OfFirst","367","1","102","102"
"first3OfFirst","368","0","102","102"
"first3OfFirst","369","0","102","102"
"first3OfFirst","370","0","102","102"
"first3OfFirst","371","0","102","102"
"first3OfFirst","372","0","102","102"
"first3OfFirst","373","0","102","102"
"first3OfFirst","374","0","102","102"
"first3OfFirst","375","1","102","102"
"first3OfFirst","376","0","102","102"
"first3OfFirst","377","0","102","102"
"first3OfFirst","378","0","102","102"
"first3OfFirst","379","0","102","102"
"first3OfFirst","380","0","102","102"
"first3OfFirst","381","0","102","102"
"first3OfFirst","382","0","102","102"
"first3OfFirst","383","0","102","102"
"first3OfFirst","384","0","102","102"
"first3OfFirst","385","0","102","102"
"first3OfFirst","386","0","102","102"
"first3OfFirst","387","0","102","102"
"first3OfFirst","388","0","102","102"
"first3OfFirst","389","0","102","102"
"first3OfFirst","390","0","102","102"
"first3OfFirst","391","0","102","102"
"first3OfFirst","392","0","102","102"
"first3OfFirst","393","0","102","102"
"first3OfFirst","394","0","102","102"
"first3OfFirst","395","0","102","102"
"first3OfFirst","396","0","102","102"
"first3OfFirst","397","0","102","102"
"first3OfFirst","398","0","102","102"
"first3OfFirst","399","0","102","102"
"first3OfFirst","400","0","102","102"
"first3OfFirst","401","0","102","102"
"first3OfFirst","402","1","102","102"
"first3OfFirst","403","0","102","102"
"first3OfFirst","404","0","102","102"
"first3OfFirst","405","0","102","102"
"first3OfFirst","406","0","102","102"
"first3OfFirst","407","1","102","102"
"first3OfFirst","408","0","102","102"
"first3OfFirst","409","0","102","102"
"first3OfFirst","410","0","102","102"
"first3OfFirst","411","0","102","102"
"first3OfFirst","412","0","102","102"
"first3OfFirst","413","0","102","102"
"first3OfFirst","414","0","102","102"
"first3OfFirst","415","0","102","102"
"first3OfFirst","416","0","102","102"
"first3OfFirst","417","2","102","102"
"first3OfFirst","418","0","102","102"
"first3OfFirst","419","0","102","102"
"first3OfFirst","420","0","102","102"
"first3OfFirst","421","0","102","102"
"first3OfFirst","422","0","102","102"
"first3OfFirst","423","0","102","102"
"first3OfFirst","424","0","102","102"
"first3OfFirst","425","0","102","102"
"first3OfFirst","426","0","102","102"
"first3OfFirst","427","0","102","102"
"first3OfFirst","428","0","102","102"
"first3OfFirst","429","0","102","102"
"first3OfFirst","430","0","102","102"
"first3OfFirst","431","0","102","102"
"first3OfFirst","432","0","102","102"
"first3OfFirst","433","0","102","102"
"first3OfFirst","434","1","102","102"
"first3OfFirst","435","0","102","102"
"first3OfFirst","436","1","102","102"
"first3OfFirst","437","0","102","102"
"first3OfFirst","438","0","102","102"
"first3OfFirst","439","0","102","102"
"first3OfFirst","440","0","102","102"
"first3OfFirst","441","0","102","102"
"first3OfFirst","442","0","102","102"
"first3OfFirst","443","0","102","102"
"first3OfFirst","444","0","102","102"
"first3OfFirst","445","0","102","102"
"first3OfFirst","446","0","102","102"
"first3OfFirst","447","0","102","102"
"first3OfFirst","448","0","102","102"
"first3OfFirst","449","0","102","102"
"first3OfFirst","450","0","102","102"
"first3OfFirst","451","0","102","102"
"first3OfFirst","452","0","102","102"
"first3OfFirst","453","0","102","102"
"first3OfFirst","454","0","102","102"
"first3OfFirst","455","0","102","102"
"first3OfFirst","456","0","102","102"
"first3OfFirst","457","0","102","102"
"first3OfFirst","458","1","102","102"
"first3OfFirst","459","0","102","102"
"first3OfFirst","460","0","102","102"
"first3OfFirst","461","1","102","102"
"first3OfFirst","462","0","102","102"
"first3OfFirst","463","0","102","102"
"first3OfFirst","464","0","102","102"
"first3OfFirst","465","0","102","102"
"first3OfFirst","466","0","102","102"
"first3OfFirst","467","0","102","102"
"first3OfFirst","468","0","102","102"
"first3OfFirst","469","0","102","102"
"first3OfFirst","470","0","102","102"
"first3OfFirst","471","1","102","102"
"first3OfFirst","472","0","102","102"
"first3OfFirst","473","0","102","102"
"first3OfFirst","474","0","102","102"
"first3OfFirst","475","0","102","102"
"first3OfFirst","476","0","102","102"
"first3OfFirst","477","0","102","102"
"first3OfFirst","478","0","102","102"
"first3OfFirst","479","0","102","102"
"first3OfFirst","480","0","102","102"
"first3OfFirst","481","0","102","102"
"first3OfFirst","482","1","102","102"
"first3OfFirst","483","0","102","102"
"first3OfFirst","484","1","102","102"
"first3OfFirst","485","0","102","102"
"first3OfFirst","486","0","102","102"
"first3OfFirst","487","0","102","102"
"first3OfFirst","488","0","102","102"
"first3OfFirst","489","0","102","102"
"first3OfFirst","490","0","102","102"
"first3OfFirst","491","0","102","102"
"first3OfFirst","492","0","102","102"
"first3OfFirst","493","0","102","102"
"first3OfFirst","494","0","102","102"
"first3OfFirst","495","0","102","102"
"first3OfFirst","496","0","102","102"
"first3OfFirst","497","0","102","102"
"first3OfFirst","498","0","102","102"
"first3OfFirst","499","0","102","102"
"first3OfFirst","500","0","102","102"
"first3OfFirst","501","0","102","102"
"first3OfFirst","502","0","102","102"
"first3OfFirst","503","0","102","102"
"first3OfFirst","504","0","102","102"
"first3OfFirst","505","0","102","102"
"first3OfFirst","506","1","102","102"
"first3OfFirst","507","1","102","102"
"first3OfFirst","508","0","102","102"
"first3OfFirst","509","0","102","102"
"first3OfFirst","510","0","102","102"
"first3OfFirst","511","0","102","102"
"first3OfFirst","512","0","102","102"
"first3OfFirst","513","0","102","102"
"first3OfFirst","514","0","102","102"
"first3OfFirst","515","0","102","102"
"first3OfFirst","516","0","102","102"
"first3OfFirst","517","0","102","102"
"first3OfFirst","518","1","102","102"
"first3OfFirst","519","0","102","102"
"first3OfFirst","520","0","102","102"
"first3OfFirst","521","0","102","102"
"first3OfFirst","522","0","102","102"
"first3OfFirst","523","0","102","102"
"first3OfFirst","524","0","102","102"
"first3OfFirst","525","0","102","102"
"first3OfFirst","526","0","102","102"
"first3OfFirst","527","0","102","102"
"first3OfFirst","528","0","102","102"
"first3OfFirst","529","0","102","102"
"first3OfFirst","530","1","102","102"
"first3OfFirst","531","0","102","102"
"first3OfFirst","532","0","102","102"
"first3OfFirst","533","0","102","102"
"first3OfFirst","534","0","102","102"
"first3OfFirst","535","0","102","102"
"first3OfFirst","536","2","102","102"
"first3OfFirst","537","0","102","102"
"first3OfFirst","538","0","102","102"
"first3OfFirst","539","0","102","102"
"first3OfFirst","540","0","102","102"
"first3OfFirst","541","0","102","102"
"first3OfFirst","542","0","102","102"
"first3OfFirst","543","0","102","102"
"first3OfFirst","544","0","102","102"
"first3OfFirst","545","0","102","102"
"first3OfFirst","546","0","102","102"
"first3OfFirst","547","0","102","102"
"first3OfFirst","548","0","102","102"
"first3OfFirst","549","0","102","102"
"first3OfFirst","550","0","102","102"
"first3OfFirst","551","0","102","102"
"first3OfFirst","552","0","102","102"
"first3OfFirst","553","0","102","102"
"first3OfFirst","554","0","102","102"
"first3OfFirst","555","0","102","102"
"first3OfFirst","556","0","102","102"
"first3OfFirst","557","1","102","102"
"first3OfFirst","558","1","102","102"
"first3OfFirst","559","1","102","102"
"first3OfFirst","560","0","102","102"
"first3OfFirst","561","0","102","102"
"first3OfFirst","562","0","102","102"
"first3OfFirst","563","0","102","102"
"first3OfFirst","564","0","102","102"
"first3OfFirst","565","0","102","102"
"first3OfFirst","566","0","102","102"
"first3OfFirst","567","0","102","102"
"first3OfFirst","568","0","102","102"
"first3OfFirst","569","0","102","102"
"first3OfFirst","570","0","102","102"
"first3OfFirst","571","0","102","102"
"first3OfFirst","572","0","102","102"
"first3OfFirst","573","0","102","102"
"first3OfFirst","574","0","102","102"
"first3OfFirst","575","0","102","102"
"first3OfFirst","576","0","102","102"
"first3OfFirst","577","0","102","102"
"first3OfFirst","578","0","102","102"
"first3OfFirst","579","0","102","102"
"first3OfFirst","580","0","102","102"
"first3OfFirst","581","0","102","102"
"first3OfFirst","582","0","102","102"
"first3OfFirst","583","0","102","102"
"first3OfFirst","584","0","102","102"
"first3OfFirst","585","0","102","102"
"first3OfFirst","586","0","102","102"
"first3OfFirst","587","0","102","102"
"first3OfFirst","588","0","102","102"
"first3OfFirst","589","0","102","102"
"first3OfFirst","590","1","102","102"
"first3OfFirst","591","0","102","102"
"first3OfFirst","592","0","102","102"
"first3OfFirst","593","0","102","102"
"first3OfFirst","594","0","102","102"
"first3OfFirst","595","0","102","102"
"first3OfFirst","596","0","102","102"
"first3OfFirst","597","0","102","102"
"first3OfFirst","598","0","102","102"
"first3OfFirst","599","0","102","102"
"first3OfFirst","600","0","102","102"
"first3OfFirst","601","0","102","102"
"first3OfFirst","602","0","102","102"
"first3OfFirst","603","0","102","102"
"first3OfFirst","604","0","102","102"
"first3OfFirst","605","0","102","102"
"first3OfFirst","606","0","102","102"
"first3OfFirst","607","1","102","102"
"first3OfFirst","608","1","102","102"
"first3OfFirst","609","0","102","102"
"first3OfFirst","610","0","102","102"
"first3OfFirst","611","0","102","102"
"first3OfFirst","612","0","102","102"
"first3OfFirst","613","1","102","102"
"first3OfFirst","614","0","102","102"
"first3OfFirst","615","0","102","102"
"first3OfFirst","616","0","102","102"
"first3OfFirst","617","0","102","102"
"first3OfFirst","618","0","102","102"
"first3OfFirst","619","0","102","102"
"first3OfFirst","620","1","102","102"
"first3OfFirst","621","0","102","102"
"first3OfFirst","622","0","102","102"
"first3OfFirst","623","0","102","102"
"first3OfFirst","624","0","102","102"
"first3OfFirst","625","1","102","102"
"first3OfFirst","626","0","102","102"
"first3OfFirst","627","0","102","102"
"first3OfFirst","628","0","102","102"
"first3OfFirst","629","0","102","102"
"first3OfFirst","630","0","102","102"
"first3OfFirst","631","0","102","102"
"first3OfFirst","632","0","102","102"
"first3OfFirst","633","0","102","102"
"first3OfFirst","634","0","102","102"
"first3OfFirst","635","0","102","102"
"first3OfFirst","636","0","102","102"
"first3OfFirst","637","0","102","102"
"first3OfFirst","638","0","102","102"
"first3OfFirst","639","1","102","102"
"first3OfFirst","640","0","102","102"
"first3OfFirst","641","0","102","102"
"first3OfFirst","642","0","102","102"
"first3OfFirst","643","0","102","102"
"first3OfFirst","644","0","102","102"
"first3OfFirst","645","0","102","102"
"first3OfFirst","646","0","102","102"
"first3OfFirst","647","0","102","102"
"first3OfFirst","648","0","102","102"
"first3OfFirst","649","0","102","102"
"first3OfFirst","650","0","102","102"
"first3OfFirst","651","0","102","102"
"first3OfFirst","652","0","102","102"
"first3OfFirst","653","0","102","102"
"first3OfFirst","654","0","102","102"
"first3OfFirst","655","0","102","102"
"first3OfFirst","656","0","102","102"
"first3OfFirst","657","0","102","102"
"first3OfFirst","658","0","102","102"
"first3OfFirst","659","0","102","102"
"first3OfFirst","660","0","102","102"
"first3OfFirst","661","0","102","102"
"first3OfFirst","662","0","102","102"
"first3OfFirst","663","0","102","102"
"first3OfFirst","664","0","102","102"
"first3OfFirst","665","0","102","102"
"first3OfFirst","666","0","102","102"
"first3OfFirst","667","0","102","102"
"first3OfFirst","668","0","102","102"
"first3OfFirst","669","2","102","102"
"first3OfFirst","670","0","102","102"
"first3OfFirst","671","0","102","102"
"first3OfFirst","672","0","102","102"
"first3OfFirst","673","0","102","102"
"first3OfFirst","674","0","102","102"
"first3OfFirst","675","0","102","102"
"first3OfFirst","676","0","102","102"
"first3OfFirst","677","0","102","102"
"first3OfFirst","678","0","102","102"
"first3OfFirst","679","0","102","102"
"first3OfFirst","680","0","102","102"
"first3OfFirst","681","0","102","102"
"first3OfFirst","682","0","102","102"
"first3OfFirst","683","0","102","102"
"first3OfFirst","684","0","102","102"
"first3OfFirst","685","0","102","102"
"first3OfFirst","686","0","102","102"
"first3OfFirst","687","0","102","102"
"first3OfFirst","688","0","102","102"
"first3OfFirst","689","0","102","102"
"first3OfFirst","690","0","102","102"
"first3OfFirst","691","0","102","102"
"first3OfFirst","692","0","102","102"
"first3OfFirst","693","0","102","102"
"first3OfFirst","694","0","102","102"
"first3OfFirst","695","0","102","102"
"first3OfFirst","696","0","102","102"
"first3OfFirst","697","0","102","102"
"first3OfFirst","698","0","102","102"
"first3OfFirst","699","0","102","102"
"first3OfFirst","700","0","102","102"
"first3OfFirst","701","0","102","102"
"first3OfFirst","702","0","102","102"
"first3OfFirst","703","0","102","102"
"first3OfFirst","704","0","102","102"
"first3OfFirst","705","0","102","102"
"first3OfFirst","706","0","102","102"
"first3OfFirst","707","0","102","102"
"first3OfFirst","708","0","102","102"
"first3OfFirst","709","0","102","102"
"first3OfFirst","710","0","102","102"
"first3OfFirst","711","0","102","102"
"first3OfFirst","712","0","102","102"
"first3OfFirst","713","0","102","102"
"first3OfFirst","714","0","102","102"
"first3OfFirst","715","0","102","102"
"first3OfFirst","716","0","102","102"
"first3OfFirst","717","0","102","102"
"first3OfFirst","718","1","102","102"
"first3OfFirst","719","0","102","102"
"first3OfFirst","720","0","102","102"
"first3OfFirst","721","0","102","102"
"first3OfFirst","722","0","102","102"
"first3OfFirst","723","0","102","102"
"first3OfFirst","724","0","102","102"
"first3OfFirst","725","0","102","102"
"first3OfFirst","726","0","102","102"
"first3OfFirst","727","1","102","102"
"first3OfFirst","728","0","102","102"
"first3OfFirst","729","0","102","102"
"first3OfFirst","730","2","102","102"
"first3OfFirst","731","0","102","102"
"first3OfFirst","732","0","102","102"
"first3OfFirst","733","0","102","102"
"first3OfFirst","734","0","102","102"
"first3OfFirst","735","0","102","102"
"first3OfFirst","736","0","102","102"
"first3OfFirst","737","0","102","102"
"first3OfFirst","738","0","102","102"
"first3OfFirst","739","0","102","102"
"first3OfFirst","740","0","102","102"
"first3OfFirst","741","0","102","102"
"first3OfFirst","742","0","102","102"
"first3OfFirst","743","1","102","102"
"first3OfFirst","744","0","102","102"
"first3OfFirst","745","0","102","102"
"first3OfFirst","746","0","102","102"
"first3OfFirst","747","0","102","102"
"first3OfFirst","748","0","102","102"
"first3OfFirst","749","0","102","102"
"first3OfFirst","750","0","102","102"
"first3OfFirst","751","1","102","102"
"first3OfFirst","752","0","102","102"
"first3OfFirst","753","0","102","102"
"first3OfFirst","754","0","102","102"
"first3OfFirst","755","0","102","102"
"first3OfFirst","756","0","102","102"
"first3OfFirst","757","1","102","102"
"first3OfFirst","758","0","102","102"
"first3OfFirst","759","0","102","102"
"first3OfFirst","760","0","102","102"
"first3OfFirst","761","0","102","102"
"first3OfFirst","762","0","102","102"
"first3OfFirst","763","1","102","102"
"first3OfFirst","764","0","102","102"
"first3OfFirst","765","0","102","102"
"first3OfFirst","766","0","102","102"
"first3OfFirst","767","0","102","102"
"first3OfFirst","768","0","102","102"
"first3OfFirst","769","0","102","102"
"first3OfFirst","770","0","102","102"
"first3OfFirst","771","0","102","102"
"first3OfFirst","772","0","102","102"
"first3OfFirst","773","0","102","102"
"first3OfFirst","774","0","102","102"
"first3OfFirst","775","0","102","102"
"first3OfFirst","776","0","102","102"
"first3OfFirst","777","0","102","102"
"first3OfFirst","778","0","102","102"
"first3OfFirst","779","0","102","102"
"first3OfFirst","780","0","102","102"
"first3OfFirst","781","0","102","102"
"first3OfFirst","782","0","102","102"
"first3OfFirst","783","0","102","102"
"first3OfFirst","784","0","102","102"
"first3OfFirst","785","0","102","102"
"first3OfFirst","786","0","102","102"
"first3OfFirst","787","0","102","102"
"first3OfFirst","788","0","102","102"
"first3OfFirst","789","0","102","102"
"first3OfFirst","790","0","102","102"
"first3OfFirst","791","0","102","102"
"first3OfFirst","792","0","102","102"
"first3OfFirst","793","0","102","102"
"first3OfFirst","794","0","102","102"
"first3OfFirst","795","0","102","102"
"first3OfFirst","796","0","102","102"
"first3OfFirst","797","0","102","102"
"first3OfFirst","798","0","102","102"
"first3OfFirst","799","0","102","102"
"first3OfFirst","800","0","102","102"
"first3OfFirst","801","0","102","102"
"first3OfFirst","802","0","102","102"
"first3OfFirst","803","1","102","102"
"first3OfFirst","804","0","102","102"
"first3OfFirst","805","0","102","102"
"first3OfFirst","806","0","102","102"
"first3OfFirst","807","1","102","102"
"first3OfFirst","808","0","102","102"
"first3OfFirst","809","0","102","102"
"first3OfFirst","810","0","102","102"
"first3OfFirst","811","1","102","102"
"first3OfFirst","812","1","102","102"
"first3OfFirst","813","0","102","102"
"first3OfFirst","814","0","102","102"
"first3OfFirst","815","0","102","102"
"first3OfFirst","816","0","102","102"
"first3OfFirst","817","0","102","102"
"first3OfFirst","818","1","102","102"
"first3OfFirst","819","0","102","102"
"first3OfFirst","820","1","102","102"
"first3OfFirst","821","0","102","102"
"first3OfFirst","822","0","102","102"
"first3OfFirst","823","0","102","102"
"first3OfFirst","824","0","102","102"
"first3OfFirst","825","0","102","102"
"first3OfFirst","826","0","102","102"
"first3OfFirst","827","0","102","102"
"first3OfFirst","828","0","102","102"
"first3OfFirst","829","0","102","102"
"first3OfFirst","830","0","102","102"
"first3OfFirst","831","0","102","102"
"first3OfFirst","832","0","102","102"
"first3OfFirst","833","1","102","102"
"first3OfFirst","834","0","102","102"
"first3OfFirst","835","0","102","102"
"first3OfFirst","836","0","102","102"
"first3OfFirst","837","1","102","102"
"first3OfFirst","838","0","102","102"
"first3OfFirst","839","0","102","102"
"first3OfFirst","840","0","102","102"
"first3OfFirst","841","0","102","102"
"first3OfFirst","842","0","102","102"
"first3OfFirst","843","1","102","102"
"first3OfFirst","844","0","102","102"
"first3OfFirst","845","1","102","102"
"first3OfFirst","846","0","102","102"
"first3OfFirst","847","1","102","102"
"first3OfFirst","848","0","102","102"
"first3OfFirst","849","0","102","102"
"first3OfFirst","850","0","102","102"
"first3OfFirst","851","0","102","102"
"first3OfFirst","852","0","102","102"
"first3OfFirst","853","0","102","102"
"first3OfFirst","854","0","102","102"
"first3OfFirst","855","0","102","102"
"first3OfFirst","856","0","102","102"
"first3OfFirst","857","0","102","102"
"first3OfFirst","858","0","102","102"
"first3OfFirst","859","0","102","102"
"first3OfFirst","860","0","102","102"
"first3OfFirst","861","0","102","102"
"first3OfFirst","862","0","102","102"
"first3OfFirst","863","0","102","102"
"first3OfFirst","864","0","102","102"
"first3OfFirst","865","0","102","102"
"first3OfFirst","866","0","102","102"
"first3OfFirst","867","0","102","102"
"first3OfFirst","868","0","102","102"
"first3OfFirst","869","0","102","102"
"first3OfFirst","870","0","102","102"
"first3OfFirst","871","0","102","102"
"first3OfFirst","872","0","102","102"
"first3OfFirst","873","0","102","102"
"first3OfFirst","874","0","102","102"
"first3OfFirst","875","0","102","102"
"first3OfFirst","876","1","102","102"
"first3OfFirst","877","0","102","102"
"first3OfFirst","878","1","102","102"
"first3OfFirst","879","0","102","102"
"first3OfFirst","880","0","102","102"
"first3OfFirst","881","0","102","102"
"first3OfFirst","882","0","102","102"
"first3OfFirst","883","0","102","102"
"first3OfFirst","884","0","102","102"
"first3OfFirst","885","0","102","102"
"first3OfFirst","886","0","102","102"
"first3OfFirst","887","0","102","102"
"first3OfFirst","888","0","102","102"
"first3OfFirst","889","0","102","102"
"first3OfFirst","890","0","102","102"
"first3OfFirst","891","0","102","102"
"first3OfFirst","892","0","102","102"
"first3OfFirst","893","0","102","102"
"first3OfFirst","894","0","102","102"
"first3OfFirst","895","0","102","102"
"first3OfFirst","896","0","102","102"
"first3OfFirst","897","0","102","102"
"first3OfFirst","898","0","102","102"
"first3OfFirst","899","0","102","102"
"first3OfFirst","900","0","102","102"
"first3OfFirst","901","0","102","102"
"first3OfFirst","902","0","102","102"
"first3OfFirst","903","0","102","102"
"first3OfFirst","904","0","102","102"
"first3OfFirst","905","0","102","102"
"first3OfFirst","906","0","102","102"
"first3OfFirst","907","0","102","102"
"first3OfFirst","908","0","102","102"
"first3OfFirst","909","0","102","102"
"first3OfFirst","910","0","102","102"
"first3OfFirst","911","0","102","102"
"first3OfFirst","912","0","102","102"
"first3OfFirst","913","1","102","102"
"first3OfFirst","914","0","102","102"
"first3OfFirst","915","1","102","102"
"first3OfFirst","916","0","102","102"
"first3OfFirst","917","0","102","102"
"first3OfFirst","918","0","102","102"
"first3OfFirst","919","0","102","102"
"first3OfFirst","920","0","102","102"
"first3OfFirst","921","0","102","102"
"first3OfFirst","922","1","102","102"
"first3OfFirst","923","0","102","102"
"first3OfFirst","924","0","102","102"
"first3OfFirst","925","0","102","102"
"first3OfFirst","926","0","102","102"
"first3OfFirst","927","0","102","102"
"first3OfFirst","928","0","102","102"
"first3OfFirst","929","1","102","102"
"first3OfFirst","930","0","102","102"
"first3OfFirst","931","1","102","102"
"first3OfFirst","932","1","102","102"
"first3OfFirst","933","0","102","102"
"first3OfFirst","934","0","102","102"
"first3OfFirst","935","0","102","102"
"first3OfFirst","936","0","102","102"
"first3OfFirst","937","0","102","102"
"first3OfFirst","938","0","102","102"
"first3OfFirst","939","0","102","102"
"first3OfFirst","940","0","102","102"
"first3OfFirst","941","1","102","102"
"first3OfFirst","942","0","102","102"
"first3OfFirst","943","2","102","102"
"first3OfFirst","944","0","102","102"
"first3OfFirst","945","0","102","102"
"first3OfFirst","946","0","102","102"
"first3OfFirst","947","0","102","102"
"first3OfFirst","948","0","102","102"
"first3OfFirst","949","1","102","102"
"first3OfFirst","950","0","102","102"
"first3OfFirst","951","0","102","102"
"first3OfFirst","952","0","102","102"
"first3OfFirst","953","0","102","102"
"first3OfFirst","954","0","102","102"
"first3OfFirst","955","0","102","102"
"first3OfFirst","956","0","102","102"
"first3OfFirst","957","0","102","102"
"first3OfFirst","958","0","102","102"
"first3OfFirst","959","0","102","102"
"first3OfFirst","960","0","102","102"
"first3OfFirst","961","0","102","102"
"first3OfFirst","962","0","102","102"
"first3OfFirst","963","0","102","102"
"first3OfFirst","964","0","102","102"
"first3OfFirst","965","0","102","102"
"first3OfFirst","966","0","102","102"
"first3OfFirst","967","0","102","102"
"first3OfFirst","968","0","102","102"
"first3OfFirst","969","0","102","102"
"first3OfFirst","970","0","102","102"
"first3OfFirst","971","0","102","102"
"first3OfFirst","972","0","102","102"
"first3OfFirst","973","0","102","102"
"first3OfFirst","974","0","102","102"
"first3OfFirst","975","0","102","102"
"first3OfFirst","976","0","102","102"
"first3OfFirst","977","0","102","102"
"first3OfFirst","978","0","102","102"
"first3OfFirst","979","0","102","102"
"first3OfFirst","980","1","102","102"
"first3OfFirst","981","1","102","102"
"first3OfFirst","982","0","102","102"
"first3OfFirst","983","0","102","102"
"first3OfFirst","984","1","102","102"
"first3OfFirst","985","0","102","102"
"first3OfFirst","986","0","102","102"
"first3OfFirst","987","0","102","102"
"first3OfFirst","988","0","102","102"
"first3OfFirst","989","0","102","102"
"first3OfFirst","990","0","102","102"
"first3OfFirst","991","0","102","102"
"first3OfFirst","992","0","102","102"
"first3OfFirst","993","0","102","102"
"first3OfFirst","994","1","102","102"
"first3OfFirst","995","0","102","102"
"first3OfFirst","996","0","102","102"
"first3OfFirst","997","1","102","102"
"first3OfFirst","998","0","102","102"
"first3OfFirst","999","0","102","102"
"front3","000","1","102","204"
"front3","001","1","102","204"
"front3","002","0","102","204"
"front3","003","0","102","204"
"front3","004","0","102","204"
"front3","005","0","102","204"
"front3","006","0","102","204"
"front3","007","1","102","204"
"front3","008","0","102","204"
"front3","009","0","102","204"
"front3","010","0","102","204"
"front3","011","1","102","204"
"front3","012","1","102","204"
"front3","013","0","102","204"
"front3","014","0","102","204"
"front3","015","0","102","204"
"front3","016","1","102","204"
"front3","017","1","102","204"
"front3","018","0","102","204"
"front3","019","0","102","204"
"front3","020","0","102","204"
"front3","021","0","102","204"
"front3","022","0","102","204"
"front3","023","0","102","204"
"front3","024","0","102","204"
"front3","025","0","102","204"
"front3","026","0","102","204"
"front3","027","0","102","204"
"front3","028","0","102","204"
"front3","029","0","102","204"
"front3","030","0","102","204"
"front3","031","0","102","204"
"front3","032","0","102","204"
"front3","033","0","102","204"
"front3","034","0","102","204"
"front3","035","0","102","204"
"front3","036","1","102","204"
"front3","037","2","102","204"
"front3","038","0","102","204"
"front3","039","0","102","204"
"front3","040","0","102","204"
"front3","041","0","102","204"
"front3","042","0","102","204"
"front3","043","0","102","204"
"front3","044","0","102","204"
"front3","045","0","102","204"
"front3","046","0","102","204"
"front3","047","0","102","204"
"front3","048","0","102","204"
"front3","049","0","102","204"
"front3","050","0","102","204"
"front3","051","0","102","204"
"front3","052","0","102","204"
"front3","053","1","102","204"
"front3","054","1","102","204"
"front3","055","1","102","204"
"front3","056","1","102","204"
"front3","057","0","102","204"
"front3","058","1","102","204"
"front3","059","0","102","204"
"front3","060","1","102","204"
"front3","061","0","102","204"
"front3","062","0","102","204"
"front3","063","0","102","204"
"front3","064","0","102","204"
"front3","065","1","102","204"
"front3","066","0","102","204"
"front3","067","0","102","204"
"front3","068","0","102","204"
"front3","069","0","102","204"
"front3","070","0","102","204"
"front3","071","0","102","204"
"front3","072","0","102","204"
"front3","073","0","102","204"
"front3","074","0","102","204"
"front3","075","0","102","204"
"front3","076","0","102","204"
"front3","077","0","102","204"
"front3","078","0","102","204"
"front3","079","0","102","204"
"front3","080","0","102","204"
"front3","081","0","102","204"
"front3","082","0","102","204"
"front3","083","0","102","204"
"front3","084","0","102","204"
"front3","085","0","102","204"
"front3","086","0","102","204"
"front3","087","0","102","204"
"front3","088","0","102","204"
"front3","089","0","102","204"
"front3","090","0","102","204"
"front3","091","1","102","204"
"front3","092","0","102","204"
"front3","093","0","102","204"
"front3","094","0","102","204"
"front3","095","0","102","204"
"front3","096","0","102","204"
"front3","097","0","102","204"
"front3","098","0","102","204"
"front3","099","0","102","204"
"front3","100","0","102","204"
"front3","101","0","102","204"
"front3","102","0","102","204"
"front3","103","0","102","204"
"front3","104","1","102","204"
"front3","105","0","102","204"
"front3","106","0","102","204"
"front3","107","0","102","204"
"front3","108","1","102","204"
"front3","109","1","102","204"
"front3","110","0","102","204"
"front3","111","1","102","204"
"front3","112","0","102","204"
"front3","113","1","102","204"
"front3","114","0","102","204"
"front3","115","0","102","204"
"front3","116","1","102","204"
"front3","117","0","102","204"
"front3","118","0","102","204"
"front3","119","0","102","204"
"front3","120","0","102","204"
"front3","121","0","102","204"
"front3","122","1","102","204"
"front3","123","0","102","204"
"front3","124","0","102","204"
"front3","125","0","102","204"
"front3","126","0","102","204"
"front3","127","0","102","204"
"front3","128","0","102","204"
"front3","129","0","102","204"
"front3","130","0","102","204"
"front3","131","1","102","204"
"front3","132","0","102","204"
"front3","133","0","102","204"
"front3","134","1","102","204"
"front3","135","0","102","204"
"front3","136","0","102","204"
"front3","137","0","102","204"
"front3","138","0","102","204"
"front3","139","1","102","204"
"front3","140","0","102","204"
"front3","141","0","102","204"
"front3","142","1","102","204"
"front3","143","0","102","204"
"front3","144","0","102","204"
"front3","145","0","102","204"
"front3","146","0","102","204"
"front3","147","0","102","204"
"front3","148","0","102","204"
"front3","149","0","102","204"
"front3","150","0","102","204"
"front3","151","0","102","204"
"front3","152","0","102","204"
"front3","153","0","102","204"
"front3","154","0","102","204"
"front3","155","0","102","204"
"front3","156","0","102","204"
"front3","157","0","102","204"
"front3","158","1","102","204"
"front3","159","1","102","204"
"front3","160","0","102","204"
"front3","161","0","102","204"
"front3","162","0","102","204"
"front3","163","0","102","204"
"front3","164","0","102","204"
"front3","165","0","102","204"
"front3","166","0","102","204"
"front3","167","1","102","204"
"front3","168","0","102","204"
"front3","169","1","102","204"
"front3","170","1","102","204"
"front3","171","1","102","204"
"front3","172","0","102","204"
"front3","173","1","102","204"
"front3","174","1","102","204"
"front3","175","0","102","204"
"front3","176","1","102","204"
"front3","177","0","102","204"
"front3","178","0","102","204"
"front3","179","0","102","204"
"front3","180","0","102","204"
"front3","181","1","102","204"
"front3","182","0","102","204"
"front3","183","0","102","204"
"front3","184","0","102","204"
"front3","185","0","102","204"
"front3","186","0","102","204"
"front3","187","0","102","204"
"front3","188","0","102","204"
"front3","189","0","102","204"
"front3","190","0","102","204"
"front3","191","0","102","204"
"front3","192","0","102","204"
"front3","193","0","102","204"
"front3","194","1","102","204"
"front3","195","2","102","204"
"front3","196","0","102","204"
"front3","197","0","102","204"
"front3","198","0","102","204"
"front3","199","0","102","204"
"front3","200","0","102","204"
"front3","201","0","102","204"
"front3","202","0","102","204"
"front3","203","0","102","204"
"front3","204","0","102","204"
"front3","205","0","102","204"
"front3","206","1","102","204"
"front3","207","0","102","204"
"front3","208","0","102","204"
"front3","209","0","102","204"
"front3","210","0","102","204"
"front3","211","0","102","204"
"front3","212","1","102","204"
"front3","213","0","102","204"
"front3","214","0","102","204"
"front3","215","0","102","204"
"front3","216","0","102","204"
"front3","217","0","102","204"
"front3","218","0","102","204"
"front3","219","0","102","204"
"front3","220","1","102","204"
"front3","221","0","102","204"
"front3","222","0","102","204"
"front3","223","0","102","204"
"front3","224","0","102","204"
"front3","225","1","102","204"
"front3","226","0","102","204"
"front3","227","0","102","204"
"front3","228","0","102","204"
"front3","229","0","102","204"
"front3","230","1","102","204"
"front3","231","1","102","204"
"front3","232","0","102","204"
"front3","233","0","102","204"
"front3","234","0","102","204"
"front3","235","0","102","204"
"front3","236","0","102","204"
"front3","237","0","102","204"
"front3","238","0","102","204"
"front3","239","0","102","204"
"front3","240","0","102","204"
"front3","241","1","102","204"
"front3","242","2","102","204"
"front3","243","1","102","204"
"front3","244","0","102","204"
"front3","245","0","102","204"
"front3","246","0","102","204"
"front3","247","1","102","204"
"front3","248","0","102","204"
"front3","249","0","102","204"
"front3","250","0","102","204"
"front3","251","0","102","204"
"front3","252","0","102","204"
"front3","253","0","102","204"
"front3","254","1","102","204"
"front3","255","0","102","204"
"front3","256","0","102","204"
"front3","257","1","102","204"
"front3","258","0","102","204"
"front3","259","0","102","204"
"front3","260","0","102","204"
"front3","261","1","102","204"
"front3","262","0","102","204"
"front3","263","0","102","204"
"front3","264","0","102","204"
"front3","265","1","102","204"
"front3","266","1","102","204"
"front3","267","1","102","204"
"front3","268","1","102","204"
"front3","269","0","102","204"
"front3","270","0","102","204"
"front3","271","1","102","204"
"front3","272","0","102","204"
"front3","273","0","102","204"
"front3","274","0","102","204"
"front3","275","0","102","204"
"front3","276","0","102","204"
"front3","277","0","102","204"
"front3","278","0","102","204"
"front3","279","0","102","204"
"front3","280","0","102","204"
"front3","281","1","102","204"
"front3","282","0","102","204"
"front3","283","0","102","204"
"front3","284","0","102","204"
"front3","285","1","102","204"
"front3","286","0","102","204"
"front3","287","1","102","204"
"front3","288","0","102","204"
"front3","289","0","102","204"
"front3","290","1","102","204"
"front3","291","0","102","204"
"front3","292","0","102","204"
"front3","293","0","102","204"
"front3","294","0","102","204"
"front3","295","0","102","204"
"front3","296","0","102","204"
"front3","297","0","102","204"
"front3","298","2","102","204"
"front3","299","1","102","204"
"front3","300","1","102","204"
"front3","301","0","102","204"
"front3","302","0","102","204"
"front3","303","0","102","204"
"front3","304","0","102","204"
"front3","305","0","102","204"
"front3","306","0","102","204"
"front3","307","0","102","204"
"front3","308","0","102","204"
"front3","309","0","102","204"
"front3","310","0","102","204"
"front3","311","0","102","204"
"front3","312","0","102","204"
"front3","313","0","102","204"
"front3","314","0","102","204"
"front3","315","0","102","204"
"front3","316","0","102","204"
"front3","317","0","102","204"
"front3","318","1","102","204"
"front3","319","0","102","204"
"front3","320","0","102","204"
"front3","321","0","102","204"
"front3","322","0","102","204"
"front3","323","0","102","204"
"front3","324","1","102","204"
"front3","325","0","102","204"
"front3","326","0","102","204"
"front3","327","0","102","204"
"front3","328","1","102","204"
"front3","329","0","102","204"
"front3","330","1","102","204"
"front3","331","1","102","204"
"front3","332","0","102","204"
"front3","333","0","102","204"
"front3","334","1","102","204"
"front3","335","1","102","204"
"front3","336","0","102","204"
"front3","337","0","102","204"
"front3","338","0","102","204"
"front3","339","0","102","204"
"front3","340","0","102","204"
"front3","341","0","102","204"
"front3","342","0","102","204"
"front3","343","0","102","204"
"front3","344","0","102","204"
"front3","345","0","102","204"
"front3","346","2","102","204"
"front3","347","1","102","204"
"front3","348","0","102","204"
"front3","349","1","102","204"
"front3","350","0","102","204"
"front3","351","0","102","204"
"front3","352","0","102","204"
"front3","353","0","102","204"
"front3","354","0","102","204"
"front3","355","2","102","204"
"front3","356","0","102","204"
"front3","357","0","102","204"
"front3","358","0","102","204"
"front3","359","0","102","204"
"front3","360","0","102","204"
"front3","361","0","102","204"
"front3","362","0","102","204"
"front3","363","0","102","204"
"front3","364","1","102","204"
"front3","365","0","102","204"
"front3","366","0","102","204"
"front3","367","0","102","204"
"front3","368","0","102","204"
"front3","369","0","102","204"
"front3","370","0","102","204"
"front3","371","0","102","204"
"front3","372","0","102","204"
"front3","373","0","102","204"
"front3","374","0","102","204"
"front3","375","0","102","204"
"front3","376","0","102","204"
"front3","377","0","102","204"
"front3","378","0","102","204"
"front3","379","0","102","204"
"front3","380","0","102","204"
"front3","381","0","102","204"
"front3","382","0","102","204"
"front3","383","0","102","204"
"front3","384","1","102","204"
"front3","385","0","102","204"
"front3","386","0","102","204"
"front3","387","0","102","204"
"front3","388","0","102","204"
"front3","389","2","102","204"
"front3","390","0","102","204"
"front3","391","0","102","204"
"front3","392","0","102","204"
"front3","393","0","102","204"
"front3","394","0","102","204"
"front3","395","0","102","204"
"front3","396","0","102","204"
"front3","397","0","102","204"
"front3","398","1","102","204"
"front3","399","0","102","204"
"front3","400","0","102","204"
"front3","401","0","102","204"
"front3","402","0","102","204"
"front3","403","0","102","204"
"front3","404","0","102","204"
"front3","405","0","102","204"
"front3","406","1","102","204"
"front3","407","0","102","204"
"front3","408","1","102","204"
"front3","409","0","102","204"
"front3","410","1","102","204"
"front3","411","1","102","204"
"front3","412","1","102","204"
"front3","413","2","102","204"
"front3","414","0","102","204"
"front3","415","1","102","204"
"front3","416","0","102","204"
"front3","417","0","102","204"
"front3","418","1","102","204"
"front3","419","0","102","204"
"front3","420","1","102","204"
"front3","421","0","102","204"
"front3","422","0","102","204"
"front3","423","0","102","204"
"front3","424","0","102","204"
"front3","425","0","102","204"
"front3","426","0","102","204"
"front3","427","0","102","204"
"front3","428","1","102","204"
"front3","429","2","102","204"
"front3","430","0","102","204"
"front3","431","2","102","204"
"front3","432","0","102","204"
"front3","433","0","102","204"
"front3","434","1","102","204"
"front3","435","0","102","204"
"front3","436","0","102","204"
"front3","437","0","102","204"
"front3","438","0","102","204"
"front3","439","0","102","204"
"front3","440","0","102","204"
"front3","441","0","102","204"
"front3","442","0","102","204"
"front3","443","1","102","204"
"front3","444","0","102","204"
"front3","445","0","102","204"
"front3","446","1","102","204"
"front3","447","0","102","204"
"front3","448","0","102","204"
"front3","449","1","102","204"
"front3","450","0","102","204"
"front3","451","0","102","204"
"front3","452","0","102","204"
"front3","453","0","102","204"
"front3","454","1","102","204"
"front3","455","0","102","204"
"front3","456","0","102","204"
"front3","457","0","102","204"
"front3","458","0","102","204"
"front3","459","0","102","204"
"front3","460","0","102","204"
"front3","461","0","102","204"
"front3","462","0","102","204"
"front3","463","0","102","204"
"front3","464","0","102","204"
"front3","465","0","102","204"
"front3","466","0","102","204"
"front3","467","0","102","204"
"front3","468","0","102","204"
"front3","469","0","102","204"
"front3","470","0","102","204"
"front3","471","0","102","204"
"front3","472","0","102","204"
"front3","473","0","102","204"
"front3","474","0","102","204"
"front3","475","0","102","204"
"front3","476","0","102","204"
"front3","477","0","102","204"
"front3","478","0","102","204"
"front3","479","1","102","204"
"front3","480","0","102","204"
"front3","481","0","102","204"
"front3","482","0","102","204"
"front3","483","0","102","204"
"front3","484","0","102","204"
"front3","485","0","102","204"
"front3","486","0","102","204"
"front3","487","0","102","204"
"front3","488","0","102","204"
"front3","489","0","102","204"
"front3","490","0","102","204"
"front3","491","0","102","204"
"front3","492","0","102","204"
"front3","493","0","102","204"
"front3","494","0","102","204"
"front3","495","0","102","204"
"front3","496","0","102","204"
"front3","497","0","102","204"
"front3","498","0","102","204"
"front3","499","0","102","204"
"front3","500","1","102","204"
"front3","501","0","102","204"
"front3","502","0","102","204"
"front3","503","0","102","204"
"front3","504","0","102","204"
"front3","505","0","102","204"
"front3","506","0","102","204"
"front3","507","0","102","204"
"front3","508","0","102","204"
"front3","509","1","102","204"
"front3","510","1","102","204"
"front3","511","0","102","204"
"front3","512","1","102","204"
"front3","513","0","102","204"
"front3","514","0","102","204"
"front3","515","0","102","204"
"front3","516","0","102","204"
"front3","517","0","102","204"
"front3","518","0","102","204"
"front3","519","1","102","204"
"front3","520","0","102","204"
"front3","521","2","102","204"
"front3","522","1","102","204"
"front3","523","0","102","204"
"front3","524","0","102","204"
"front3","525","1","102","204"
"front3","526","0","102","204"
"front3","527","1","102","204"
"front3","528","0","102","204"
"front3","529","0","102","204"
"front3","530","1","102","204"
"front3","531","1","102","204"
"front3","532","2","102","204"
"front3","533","0","102","204"
"front3","534","0","102","204"
"front3","535","0","102","204"
"front3","536","0","102","204"
"front3","537","0","102","204"
"front3","538","0","102","204"
"front3","539","0","102","204"
"front3","540","1","102","204"
"front3","541","0","102","204"
"front3","542","0","102","204"
"front3","543","0","102","204"
"front3","544","0","102","204"
"front3","545","0","102","204"
"front3","546","0","102","204"
"front3","547","0","102","204"
"front3","548","0","102","204"
"front3","549","0","102","204"
"front3","550","0","102","204"
"front3","551","0","102","204"
"front3","552","0","102","204"
"front3","553","0","102","204"
"front3","554","0","102","204"
"front3","555","0","102","204"
"front3","556","0","102","204"
"front3","557","0","102","204"
"front3","558","0","102","204"
"front3","559","1","102","204"
"front3","560","0","102","204"
"front3","561","1","102","204"
"front3","562","0","102","204"
"front3","563","0","102","204"
"front3","564","0","102","204"
"front3","565","0","102","204"
"front3","566","0","102","204"
"front3","567","0","102","204"
"front3","568","0","102","204"
"front3","569","0","102","204"
"front3","570","0","102","204"
"front3","571","1","102","204"
"front3","572","0","102","204"
"front3","573","0","102","204"
"front3","574","0","102","204"
"front3","575","0","102","204"
"front3","576","0","102","204"
"front3","577","1","102","204"
"front3","578","0","102","204"
"front3","579","1","102","204"
"front3","580","0","102","204"
"front3","581","0","102","204"
"front3","582","0","102","204"
"front3","583","0","102","204"
"front3","584","0","102","204"
"front3","585","0","102","204"
"front3","586","0","102","204"
"front3","587","0","102","204"
"front3","588","0","102","204"
"front3","589","0","102","204"
"front3","590","0","102","204"
"front3","591","0","102","204"
"front3","592","0","102","204"
"front3","593","0","102","204"
"front3","594","0","102","204"
"front3","595","1","102","204"
"front3","596","1","102","204"
"front3","597","0","102","204"
"front3","598","0","102","204"
"front3","599","0","102","204"
"front3","600","1","102","204"
"front3","601","0","102","204"
"front3","602","2","102","204"
"front3","603","0","102","204"
"front3","604","0","102","204"
"front3","605","0","102","204"
"front3","606","0","102","204"
"front3","607","0","102","204"
"front3","608","0","102","204"
"front3","609","0","102","204"
"front3","610","0","102","204"
"front3","611","0","102","204"
"front3","612","0","102","204"
"front3","613","1","102","204"
"front3","614","0","102","204"
"front3","615","0","102","204"
"front3","616","0","102","204"
"front3","617","0","102","204"
"front3","618","0","102","204"
"front3","619","0","102","204"
"front3","620","0","102","204"
"front3","621","0","102","204"
"front3","622","0","102","204"
"front3","623","0","102","204"
"front3","624","0","102","204"
"front3","625","0","102","204"
"front3","626","1","102","204"
"front3","627","0","102","204"
"front3","628","1","102","204"
"front3","629","0","102","204"
"front3","630","0","102","204"
"front3","631","0","102","204"
"front3","632","0","102","204"
"front3","633","0","102","204"
"front3","634","0","102","204"
"front3","635","1","102","204"
"front3","636","0","102","204"
"front3","637","0","102","204"
"front3","638","0","102","204"
"front3","639","0","102","204"
"front3","640","0","102","204"
"front3","641","0","102","204"
"front3","642","0","102","204"
"front3","643","0","102","204"
"front3","644","0","102","204"
"front3","645","0","102","204"
"front3","646","0","102","204"
"front3","647","0","102","204"
"front3","648","2","102","204"
"front3","649","0","102","204"
"front3","650","0","102","204"
"front3","651","0","102","204"
"front3","652","0","102","204"
"front3","653","0","102","204"
"front3","654","0","102","204"
"front3","655","1","102","204"
"front3","656","0","102","204"
"front3","657","0","102","204"
"front3","658","0","102","204"
"front3","659","0","102","204"
"front3","660","0","102","204"
"front3","661","0","102","204"
"front3","662","0","102","204"
"front3","663","0","102","204"
"front3","664","1","102","204"
"front3","665","0","102","204"
"front3","666","0","102","204"
"front3","667","0","102","204"
"front3","668","0","102","204"
"front3","669","0","102","204"
"front3","670","1","102","204"
"front3","671","0","102","204"
"front3","672","1","102","204"
"front3","673","0","102","204"
"front3","674","0","102","204"
"front3","675","0","102","204"
"front3","676","0","102","204"
"front3","677","0","102","204"
"front3","678","2","102","204"
"front3","679","0","102","204"
"front3","680","1","102","204"
"front3","681","1","102","204"
"front3","682","0","102","204"
"front3","683","1","102","204"
"front3","684","0","102","204"
"front3","685","0","102","204"
"front3","686","0","102","204"
"front3","687","0","102","204"
"front3","688","0","102","204"
"front3","689","0","102","204"
"front3","690","0","102","204"
"front3","691","0","102","204"
"front3","692","0","102","204"
"front3","693","0","102","204"
"front3","694","1","102","204"
"front3","695","0","102","204"
"front3","696","0","102","204"
"front3","697","0","102","204"
"front3","698","0","102","204"
"front3","699","2","102","204"
"front3","700","0","102","204"
"front3","701","0","102","204"
"front3","702","0","102","204"
"front3","703","0","102","204"
"front3","704","0","102","204"
"front3","705","0","102","204"
"front3","706","0","102","204"
"front3","707","0","102","204"
"front3","708","0","102","204"
"front3","709","1","102","204"
"front3","710","0","102","204"
"front3","711","0","102","204"
"front3","712","0","102","204"
"front3","713","0","102","204"
"front3","714","0","102","204"
"front3","715","0","102","204"
"front3","716","0","102","204"
"front3","717","0","102","204"
"front3","718","0","102","204"
"front3","719","0","102","204"
"front3","720","0","102","204"
"front3","721","0","102","204"
"front3","722","2","102","204"
"front3","723","0","102","204"
"front3","724","0","102","204"
"front3","725","1","102","204"
"front3","726","0","102","204"
"front3","727","1","102","204"
"front3","728","0","102","204"
"front3","729","1","102","204"
"front3","730","0","102","204"
"front3","731","1","102","204"
"front3","732","0","102","204"
"front3","733","0","102","204"
"front3","734","0","102","204"
"front3","735","0","102","204"
"front3","736","0","102","204"
"front3","737","0","102","204"
"front3","738","0","102","204"
"front3","739","2","102","204"
"front3","740","1","102","204"
"front3","741","0","102","204"
"front3","742","1","102","204"
"front3","743","0","102","204"
"front3","744","0","102","204"
"front3","745","0","102","204"
"front3","746","0","102","204"
"front3","747","1","102","204"
"front3","748","0","102","204"
"front3","749","0","102","204"
"front3","750","0","102","204"
"front3","751","0","102","204"
"front3","752","0","102","204"
"front3","753","0","102","204"
"front3","754","0","102","204"
"front3","755","0","102","204"
"front3","756","0","102","204"
"front3","757","0","102","204"
"front3","758","1","102","204"
"front3","759","0","102","204"
"front3","760","1","102","204"
"front3","761","0","102","204"
"front3","762","0","102","204"
"front3","763","1","102","204"
"front3","764","0","102","204"
"front3","765","0","102","204"
"front3","766","0","102","204"
"front3","767","0","102","204"
"front3","768","0","102","204"
"front3","769","0","102","204"
"front3","770","0","102","204"
"front3","771","0","102","204"
"front3","772","0","102","204"
"front3","773","0","102","204"
"front3","774","0","102","204"
"front3","775","0","102","204"
"front3","776","0","102","204"
"front3","777","0","102","204"
"front3","778","0","102","204"
"front3","779","0","102","204"
"front3","780","1","102","204"
"front3","781","0","102","204"
"front3","782","0","102","204"
"front3","783","0","102","204"
"front3","784","0","102","204"
"front3","785","0","102","204"
"front3","786","1","102","204"
"front3","787","0","102","204"
"front3","788","0","102","204"
"front3","789","1","102","204"
"front3","790","0","102","204"
"front3","791","1","102","204"
"front3","792","0","102","204"
"front3","793","0","102","204"
"front3","794","0","102","204"
"front3","795","0","102","204"
"front3","796","0","102","204"
"front3","797","0","102","204"
"front3","798","0","102","204"
"front3","799","0","102","204"
"front3","800","1","102","204"
"front3","801","0","102","204"
"front3","802","0","102","204"
"front3","803","0","102","204"
"front3","804","0","102","204"
"front3","805","0","102","204"
"front3","806","0","102","204"
"front3","807","0","102","204"
"front3","808","0","102","204"
"front3","809","1","102","204"
"front3","810","0","102","204"
"front3","811","0","102","204"
"front3","812","1","102","204"
"front3","813","0","102","204"
"front3","814","0","102","204"
"front3","815","1","102","204"
"front3","816","0","102","204"
"front3","817","0","102","204"
"front3","818","0","102","204"
"front3","819","0","102","204"
"front3","820","0","102","204"
"front3","821","0","102","204"
"front3","822","0","102","204"
"front3","823","0","102","204"
"front3","824","0","102","204"
"front3","825","0","102","204"
"front3","826","1","102","204"
"front3","827","0","102","204"
"front3","828","0","102","204"
"front3","829","0","102","204"
"front3","830","0","102","204"
"front3","831","0","102","204"
"front3","832","0","102","204"
"front3","833","0","102","204"
"front3","834","1","102","204"
"front3","835","0","102","204"
"front3","836","0","102","204"
"front3","837","0","102","204"
"front3","838","0","102","204"
"front3","839","2","102","204"
"front3","840","0","102","204"
"front3","841","0","102","204"
"front3","842","0","102","204"
"front3","843","1","102","204"
"front3","844","0","102","204"
"front3","845","0","102","204"
"front3","846","0","102","204"
"front3","847","0","102","204"
"front3","848","1","102","204"
"front3","849","0","102","204"
"front3","850","0","102","204"
"front3","851","0","102","204"
"front3","852","0","102","204"
"front3","853","0","102","204"
"front3","854","0","102","204"
"front3","855","0","102","204"
"front3","856","0","102","204"
"front3","857","0","102","204"
"front3","858","0","102","204"
"front3","859","0","102","204"
"front3","860","0","102","204"
"front3","861","0","102","204"
"front3","862","0","102","204"
"front3","863","0","102","204"
"front3","864","0","102","204"
"front3","865","0","102","204"
"front3","866","0","102","204"
"front3","867","1","102","204"
"front3","868","0","102","204"
"front3","869","0","102","204"
"front3","870","0","102","204"
"front3","871","0","102","204"
"front3","872","0","102","204"
"front3","873","0","102","204"
"front3","874","0","102","204"
"front3","875","0","102","204"
"front3","876","0","102","204"
"front3","877","0","102","204"
"front3","878","0","102","204"
"front3","879","0","102","204"
"front3","880","0","102","204"
"front3","881","0","102","204"
"front3","882","0","102","204"
"front3","883","0","102","204"
"front3","884","0","102","204"
"front3","885","1","102","204"
"front3","886","0","102","204"
"front3","887","0","102","204"
"front3","888","0","102","204"
"front3","889","0","102","204"
"front3","890","0","102","204"
"front3","891","0","102","204"
"front3","892","0","102","204"
"front3","893","1","102","204"
"front3","894","0","102","204"
"front3","895","0","102","204"
"front3","896","0","102","204"
"front3","897","0","102","204"
"front3","898","0","102","204"
"front3","899","0","102","204"
"front3","900","1","102","204"
"front3","901","0","102","204"
"front3","902","0","102","204"
"front3","903","0","102","204"
"front3","904","1","102","204"
"front3","905","0","102","204"
"front3","906","0","102","204"
"front3","907","0","102","204"
"front3","908","0","102","204"
"front3","909","0","102","204"
"front3","910","0","102","204"
"front3","911","0","102","204"
"front3","912","2","102","204"
"front3","913","1","102","204"
"front3","914","1","102","204"
"front3","915","0","102","204"
"front3","916","0","102","204"
"front3","917","1","102","204"
"front3","918","0","102","204"
"front3","919","1","102","204"
"front3","920","0","102","204"
"front3","921","0","102","204"
"front3","922","0","102","204"
"front3","923","1","102","204"
"front3","924","0","102","204"
"front3","925","0","102","204"
"front3","926","0","102","204"
"front3","927","1","102","204"
"front3","928","0","102","204"
"front3","929","0","102","204"
"front3","930","0","102","204"
"front3","931","1","102","204"
"front3","932","0","102","204"
"front3","933","0","102","204"
"front3","934","0","102","204"
"front3","935","0","102","204"
"front3","936","0","102","204"
"front3","937","0","102","204"
"front3","938","0","102","204"
"front3","939","0","102","204"
"front3","940","0","102","204"
"front3","941","0","102","204"
"front3","942","0","102","204"
"front3","943","1","102","204"
"front3","944","0","102","204"
"front3","945","0","102","204"
"front3","946","0","102","204"
"front3","947","0","102","204"
"front3","948","0","102","204"
"front3","949","0","102","204"
"front3","950","0","102","204"
"front3","951","0","102","204"
"front3","952","0","102","204"
"front3","953","0","102","204"
"front3","954","0","102","204"
"front3","955","1","102","204"
"front3","956","0","102","204"
"front3","957","0","102","204"
"front3","958","0","102","204"
"front3","959","0","102","204"
"front3","960","0","102","204"
"front3","961","1","102","204"
"front3","962","0","102","204"
"front3","963","0","102","204"
"front3","964","0","102","204"
"front3","965","0","102","204"
"front3","966","0","102","204"
"front3","967","0","102","204"
"front3","968","0","102","204"
"front3","969","0","102","204"
"front3","970","0","102","204"
"front3","971","1","102","204"
"front3","972","0","102","204"
"front3","973","0","102","204"
"front3","974","0","102","204"
"front3","975","2","102","204"
"front3","976","0","102","204"
"front3","977","0","102","204"
"front3","978","0","102","204"
"front3","979","0","102","204"
"front3","980","1","102","204"
"front3","981","0","102","204"
"front3","982","0","102","204"
"front3","983","1","102","204"
"front3","984","0","102","204"
"front3","985","0","102","204"
"front3","986","0","102","204"
"front3","987","0","102","204"
"front3","988","0","102","204"
"front3","989","0","102","204"
"front3","990","0","102","204"
"front3","991","0","102","204"
"front3","992","0","102","204"
"front3","993","0","102","204"
"front3","994","0","102","204"
"front3","995","1","102","204"
"front3","996","1","102","204"
"front3","997","0","102","204"
"front3","998","0","102","204"
"front3","999","0","102","204"
"last3","000","0","102","204"
"last3","001","1","102","204"
"last3","002","1","102","204"
"last3","003","0","102","204"
"last3","004","0","102","204"
"last3","005","0","102","204"
"last3","006","0","102","204"
"last3","007","1","102","204"
"last3","008","1","102","204"
"last3","009","0","102","204"
"last3","010","0","102","204"
"last3","011","0","102","204"
"last3","012","0","102","204"
"last3","013","0","102","204"
"last3","014","1","102","204"
"last3","015","0","102","204"
"last3","016","0","102","204"
"last3","017","0","102","204"
"last3","018","0","102","204"
"last3","019","1","102","204"
"last3","020","0","102","204"
"last3","021","0","102","204"
"last3","022","1","102","204"
"last3","023","0","102","204"
"last3","024","0","102","204"
"last3","025","0","102","204"
"last3","026","0","102","204"
"last3","027","0","102","204"
"last3","028","0","102","204"
"last3","029","0","102","204"
"last3","030","0","102","204"
"last3","031","0","102","204"
"last3","032","0","102","204"
"last3","033","0","102","204"
"last3","034","0","102","204"
"last3","035","0","102","204"
"last3","036","0","102","204"
"last3","037","0","102","204"
"last3","038","0","102","204"
"last3","039","1","102","204"
"last3","040","0","102","204"
"last3","041","2","102","204"
"last3","042","0","102","204"
"last3","043","0","102","204"
"last3","044","1","102","204"
"last3","045","0","102","204"
"last3","046","0","102","204"
"last3","047","0","102","204"
"last3","048","0","102","204"
"last3","049","0","102","204"
"last3","050","0","102","204"
"last3","051","0","102","204"
"last3","052","0","102","204"
"last3","053","0","102","204"
"last3","054","0","102","204"
"last3","055","0","102","204"
"last3","056","0","102","204"
"last3","057","1","102","204"
"last3","058","1","102","204"
"last3","059","0","102","204"
"last3","060","0","102","204"
"last3","061","1","102","204"
"last3","062","0","102","204"
"last3","063","1","102","204"
"last3","064","0","102","204"
"last3","065","1","102","204"
"last3","066","1","102","204"
"last3","067","0","102","204"
"last3","068","1","102","204"
"last3","069","0","102","204"
"last3","070","2","102","204"
"last3","071","0","102","204"
"last3","072","0","102","204"
"last3","073","0","102","204"
"last3","074","0","102","204"
"last3","075","0","102","204"
"last3","076","0","102","204"
"last3","077","0","102","204"
"last3","078","0","102","204"
"last3","079","1","102","204"
"last3","080","0","102","204"
"last3","081","0","102","204"
"last3","082","0","102","204"
"last3","083","0","102","204"
"last3","084","1","102","204"
"last3","085","0","102","204"
"last3","086","0","102","204"
"last3","087","0","102","204"
"last3","088","0","102","204"
"last3","089","0","102","204"
"last3","090","0","102","204"
"last3","091","0","102","204"
"last3","092","1","102","204"
"last3","093","0","102","204"
"last3","094","2","102","204"
"last3","095","0","102","204"
"last3","096","0","102","204"
"last3","097","0","102","204"
"last3","098","2","102","204"
"last3","099","0","102","204"
"last3","100","0","102","204"
"last3","101","1","102","204"
"last3","102","0","102","204"
"last3","103","0","102","204"
"last3","104","0","102","204"
"last3","105","0","102","204"
"last3","106","0","102","204"
"last3","107","0","102","204"
"last3","108","0","102","204"
"last3","109","0","102","204"
"last3","110","0","102","204"
"last3","111","1","102","204"
"last3","112","0","102","204"
"last3","113","0","102","204"
"last3","114","0","102","204"
"last3","115","0","102","204"
"last3","116","0","102","204"
"last3","117","0","102","204"
"last3","118","0","102","204"
"last3","119","0","102","204"
"last3","120","0","102","204"
"last3","121","0","102","204"
"last3","122","0","102","204"
"last3","123","0","102","204"
"last3","124","0","102","204"
"last3","125","0","102","204"
"last3","126","0","102","204"
"last3","127","0","102","204"
"last3","128","0","102","204"
"last3","129","0","102","204"
"last3","130","0","102","204"
"last3","131","0","102","204"
"last3","132","0","102","204"
"last3","133","0","102","204"
"last3","134","0","102","204"
"last3","135","0","102","204"
"last3","136","1","102","204"
"last3","137","2","102","204"
"last3","138","0","102","204"
"last3","139","0","102","204"
"last3","140","0","102","204"
"last3","141","0","102","204"
"last3","142","0","102","204"
"last3","143","0","102","204"
"last3","144","0","102","204"
"last3","145","0","102","204"
"last3","146","0","102","204"
"last3","147","0","102","204"
"last3","148","0","102","204"
"last3","149","0","102","204"
"last3","150","0","102","204"
"last3","151","0","102","204"
"last3","152","0","102","204"
"last3","153","1","102","204"
"last3","154","2","102","204"
"last3","155","0","102","204"
"last3","156","0","102","204"
"last3","157","1","102","204"
"last3","158","0","102","204"
"last3","159","0","102","204"
"last3","160","0","102","204"
"last3","161","0","102","204"
"last3","162","0","102","204"
"last3","163","0","102","204"
"last3","164","0","102","204"
"last3","165","0","102","204"
"last3","166","0","102","204"
"last3","167","1","102","204"
"last3","168","0","102","204"
"last3","169","1","102","204"
"last3","170","0","102","204"
"last3","171","0","102","204"
"last3","172","0","102","204"
"last3","173","0","102","204"
"last3","174","0","102","204"
"last3","175","0","102","204"
"last3","176","0","102","204"
"last3","177","0","102","204"
"last3","178","0","102","204"
"last3","179","0","102","204"
"last3","180","1","102","204"
"last3","181","0","102","204"
"last3","182","0","102","204"
"last3","183","0","102","204"
"last3","184","0","102","204"
"last3","185","0","102","204"
"last3","186","0","102","204"
"last3","187","1","102","204"
"last3","188","0","102","204"
"last3","189","0","102","204"
"last3","190","0","102","204"
"last3","191","0","102","204"
"last3","192","0","102","204"
"last3","193","0","102","204"
"last3","194","1","102","204"
"last3","195","0","102","204"
"last3","196","1","102","204"
"last3","197","0","102","204"
"last3","198","0","102","204"
"last3","199","0","102","204"
"last3","200","1","102","204"
"last3","201","0","102","204"
"last3","202","1","102","204"
"last3","203","0","102","204"
"last3","204","0","102","204"
"last3","205","0","102","204"
"last3","206","0","102","204"
"last3","207","0","102","204"
"last3","208","0","102","204"
"last3","209","1","102","204"
"last3","210","1","102","204"
"last3","211","0","102","204"
"last3","212","0","102","204"
"last3","213","0","102","204"
"last3","214","0","102","204"
"last3","215","0","102","204"
"last3","216","0","102","204"
"last3","217","0","102","204"
"last3","218","0","102","204"
"last3","219","0","102","204"
"last3","220","0","102","204"
"last3","221","0","102","204"
"last3","222","0","102","204"
"last3","223","0","102","204"
"last3","224","0","102","204"
"last3","225","0","102","204"
"last3","226","0","102","204"
"last3","227","0","102","204"
"last3","228","0","102","204"
"last3","229","0","102","204"
"last3","230","0","102","204"
"last3","231","1","102","204"
"last3","232","0","102","204"
"last3","233","0","102","204"
"last3","234","0","102","204"
"last3","235","0","102","204"
"last3","236","0","102","204"
"last3","237","0","102","204"
"last3","238","0","102","204"
"last3","239","1","102","204"
"last3","240","0","102","204"
"last3","241","0","102","204"
"last3","242","0","102","204"
"last3","243","0","102","204"
"last3","244","0","102","204"
"last3","245","0","102","204"
"last3","246","0","102","204"
"last3","247","0","102","204"
"last3","248","0","102","204"
"last3","249","0","102","204"
"last3","250","1","102","204"
"last3","251","0","102","204"
"last3","252","0","102","204"
"last3","253","0","102","204"
"last3","254","0","102","204"
"last3","255","0","102","204"
"last3","256","0","102","204"
"last3","257","0","102","204"
"last3","258","0","102","204"
"last3","259","0","102","204"
"last3","260","0","102","204"
"last3","261","1","102","204"
"last3","262","0","102","204"
"last3","263","0","102","204"
"last3","264","0","102","204"
"last3","265","0","102","204"
"last3","266","1","102","204"
"last3","267","0","102","204"
"last3","268","0","102","204"
"last3","269","1","102","204"
"last3","270","0","102","204"
"last3","271","0","102","204"
"last3","272","1","102","204"
"last3","273","0","102","204"
"last3","274","0","102","204"
"last3","275","0","102","204"
"last3","276","0","102","204"
"last3","277","0","102","204"
"last3","278","1","102","204"
"last3","279","1","102","204"
"last3","280","2","102","204"
"last3","281","0","102","204"
"last3","282","1","102","204"
"last3","283","0","102","204"
"last3","284","1","102","204"
"last3","285","0","102","204"
"last3","286","0","102","204"
"last3","287","0","102","204"
"last3","288","1","102","204"
"last3","289","0","102","204"
"last3","290","1","102","204"
"last3","291","1","102","204"
"last3","292","0","102","204"
"last3","293","0","102","204"
"last3","294","0","102","204"
"last3","295","0","102","204"
"last3","296","0","102","204"
"last3","297","1","102","204"
"last3","298","0","102","204"
"last3","299","1","102","204"
"last3","300","0","102","204"
"last3","301","0","102","204"
"last3","302","0","102","204"
"last3","303","0","102","204"
"last3","304","1","102","204"
"last3","305","0","102","204"
"last3","306","0","102","204"
"last3","307","1","102","204"
"last3","308","1","102","204"
"last3","309","1","102","204"
"last3","310","0","102","204"
"last3","311","0","102","204"
"last3","312","0","102","204"
"last3","313","0","102","204"
"last3","314","0","102","204"
"last3","315","0","102","204"
"last3","316","0","102","204"
"last3","317","0","102","204"
"last3","318","0","102","204"
"last3","319","0","102","204"
"last3","320","0","102","204"
"last3","321","0","102","204"
"last3","322","0","102","204"
"last3","323","0","102","204"
"last3","324","0","102","204"
"last3","325","0","102","204"
"last3","326","0","102","204"
"last3","327","0","102","204"
"last3","328","0","102","204"
"last3","329","1","102","204"
"last3","330","0","102","204"
"last3","331","0","102","204"
"last3","332","0","102","204"
"last3","333","0","102","204"
"last3","334","0","102","204"
"last3","335","0","102","204"
"last3","336","1","102","204"
"last3","337","0","102","204"
"last3","338","0","102","204"
"last3","339","1","102","204"
"last3","340","0","102","204"
"last3","341","0","102","204"
"last3","342","0","102","204"
"last3","343","1","102","204"
"last3","344","1","102","204"
"last3","345","0","102","204"
"last3","346","0","102","204"
"last3","347","0","102","204"
"last3","348","0","102","204"
"last3","349","1","102","204"
"last3","350","0","102","204"
"last3","351","0","102","204"
"last3","352","0","102","204"
"last3","353","0","102","204"
"last3","354","0","102","204"
"last3","355","1","102","204"
"last3","356","0","102","204"
"last3","357","0","102","204"
"last3","358","0","102","204"
"last3","359","0","102","204"
"last3","360","0","102","204"
"last3","361","0","102","204"
"last3","362","0","102","204"
"last3","363","1","102","204"
"last3","364","0","102","204"
"last3","365","0","102","204"
"last3","366","0","102","204"
"last3","367","0","102","204"
"last3","368","0","102","204"
"last3","369","0","102","204"
"last3","370","0","102","204"
"last3","371","0","102","204"
"last3","372","0","102","204"
"last3","373","0","102","204"
"last3","374","0","102","204"
"last3","375","1","102","204"
"last3","376","1","102","204"
"last3","377","1","102","204"
"last3","378","0","102","204"
"last3","379","0","102","204"
"last3","380","0","102","204"
"last3","381","0","102","204"
"last3","382","1","102","204"
"last3","383","0","102","204"
"last3","384","0","102","204"
"last3","385","0","102","204"
"last3","386","1","102","204"
"last3","387","0","102","204"
"last3","388","1","102","204"
"last3","389","1","102","204"
"last3","390","0","102","204"
"last3","391","0","102","204"
"last3","392","0","102","204"
"last3","393","0","102","204"
"last3","394","0","102","204"
"last3","395","0","102","204"
"last3","396","1","102","204"
"last3","397","0","102","204"
"last3","398","0","102","204"
"last3","399","0","102","204"
"last3","400","0","102","204"
"last3","401","0","102","204"
"last3","402","0","102","204"
"last3","403","0","102","204"
"last3","404","0","102","204"
"last3","405","0","102","204"
"last3","406","0","102","204"
"last3","407","0","102","204"
"last3","408","2","102","204"
"last3","409","1","102","204"
"last3","410","1","102","204"
"last3","411","0","102","204"
"last3","412","0","102","204"
"last3","413","0","102","204"
"last3","414","0","102","204"
"last3","415","0","102","204"
"last3","416","0","102","204"
"last3","417","0","102","204"
"last3","418","0","102","204"
"last3","419","0","102","204"
"last3","420","0","102","204"
"last3","421","3","102","204"
"last3","422","0","102","204"
"last3","423","0","102","204"
"last3","424","1","102","204"
"last3","425","1","102","204"
"last3","426","2","102","204"
"last3","427","1","102","204"
"last3","428","0","102","204"
"last3","429","0","102","204"
"last3","430","0","102","204"
"last3","431","0","102","204"
"last3","432","1","102","204"
"last3","433","0","102","204"
"last3","434","0","102","204"
"last3","435","0","102","204"
"last3","436","0","102","204"
"last3","437","0","102","204"
"last3","438","0","102","204"
"last3","439","1","102","204"
"last3","440","0","102","204"
"last3","441","0","102","204"
"last3","442","0","102","204"
"last3","443","0","102","204"
"last3","444","0","102","204"
"last3","445","0","102","204"
"last3","446","0","102","204"
"last3","447","2","102","204"
"last3","448","1","102","204"
"last3","449","1","102","204"
"last3","450","0","102","204"
"last3","451","0","102","204"
"last3","452","0","102","204"
"last3","453","0","102","204"
"last3","454","0","102","204"
"last3","455","0","102","204"
"last3","456","1","102","204"
"last3","457","1","102","204"
"last3","458","0","102","204"
"last3","459","0","102","204"
"last3","460","0","102","204"
"last3","461","0","102","204"
"last3","462","0","102","204"
"last3","463","0","102","204"
"last3","464","0","102","204"
"last3","465","0","102","204"
"last3","466","0","102","204"
"last3","467","0","102","204"
"last3","468","0","102","204"
"last3","469","0","102","204"
"last3","470","0","102","204"
"last3","471","0","102","204"
"last3","472","0","102","204"
"last3","473","0","102","204"
"last3","474","1","102","204"
"last3","475","0","102","204"
"last3","476","1","102","204"
"last3","477","1","102","204"
"last3","478","0","102","204"
"last3","479","0","102","204"
"last3","480","0","102","204"
"last3","481","0","102","204"
"last3","482","0","102","204"
"last3","483","0","102","204"
"last3","484","0","102","204"
"last3","485","0","102","204"
"last3","486","0","102","204"
"last3","487","0","102","204"
"last3","488","0","102","204"
"last3","489","0","102","204"
"last3","490","0","102","204"
"last3","491","1","102","204"
"last3","492","0","102","204"
"last3","493","1","102","204"
"last3","494","0","102","204"
"last3","495","0","102","204"
"last3","496","0","102","204"
"last3","497","0","102","204"
"last3","498","0","102","204"
"last3","499","0","102","204"
"last3","500","0","102","204"
"last3","501","0","102","204"
"last3","502","0","102","204"
"last3","503","0","102","204"
"last3","504","0","102","204"
"last3","505","0","102","204"
"last3","506","0","102","204"
"last3","507","0","102","204"
"last3","508","0","102","204"
"last3","509","0","102","204"
"last3","510","0","102","204"
"last3","511","0","102","204"
"last3","512","1","102","204"
"last3","513","0","102","204"
"last3","514","0","102","204"
"last3","515","0","102","204"
"last3","516","0","102","204"
"last3","517","0","102","204"
"last3","518","0","102","204"
"last3","519","0","102","204"
"last3","520","0","102","204"
"last3","521","0","102","204"
"last3","522","0","102","204"
"last3","523","1","102","204"
"last3","524","0","102","204"
"last3","525","0","102","204"
"last3","526","0","102","204"
"last3","527","0","102","204"
"last3","528","0","102","204"
"last3","529","0","102","204"
"last3","530","0","102","204"
"last3","531","1","102","204"
"last3","532","0","102","204"
"last3","533","0","102","204"
"last3","534","0","102","204"
"last3","535","0","102","204"
"last3","536","0","102","204"
"last3","537","0","102","204"
"last3","538","0","102","204"
"last3","539","0","102","204"
"last3","540","0","102","204"
"last3","541","0","102","204"
"last3","542","1","102","204"
"last3","543","0","102","204"
"last3","544","2","102","204"
"last3","545","0","102","204"
"last3","546","0","102","204"
"last3","547","1","102","204"
"last3","548","0","102","204"
"last3","549","0","102","204"
"last3","550","0","102","204"
"last3","551","1","102","204"
"last3","552","0","102","204"
"last3","553","0","102","204"
"last3","554","0","102","204"
"last3","555","0","102","204"
"last3","556","0","102","204"
"last3","557","0","102","204"
"last3","558","0","102","204"
"last3","559","1","102","204"
"last3","560","0","102","204"
"last3","561","0","102","204"
"last3","562","0","102","204"
"last3","563","0","102","204"
"last3","564","1","102","204"
"last3","565","0","102","204"
"last3","566","1","102","204"
"last3","567","0","102","204"
"last3","568","0","102","204"
"last3","569","0","102","204"
"last3","570","0","102","204"
"last3","571","0","102","204"
"last3","572","0","102","204"
"last3","573","0","102","204"
"last3","574","0","102","204"
"last3","575","0","102","204"
"last3","576","0","102","204"
"last3","577","0","102","204"
"last3","578","1","102","204"
"last3","579","0","102","204"
"last3","580","0","102","204"
"last3","581","0","102","204"
"last3","582","0","102","204"
"last3","583","0","102","204"
"last3","584","1","102","204"
"last3","585","0","102","204"
"last3","586","0","102","204"
"last3","587","1","102","204"
"last3","588","0","102","204"
"last3","589","0","102","204"
"last3","590","0","102","204"
"last3","591","1","102","204"
"last3","592","0","102","204"
"last3","593","1","102","204"
"last3","594","0","102","204"
"last3","595","0","102","204"
"last3","596","0","102","204"
"last3","597","0","102","204"
"last3","598","0","102","204"
"last3","599","0","102","204"
"last3","600","0","102","204"
"last3","601","0","102","204"
"last3","602","1","102","204"
"last3","603","0","102","204"
"last3","604","1","102","204"
"last3","605","1","102","204"
"last3","606","1","102","204"
"last3","607","0","102","204"
"last3","608","0","102","204"
"last3","609","0","102","204"
"last3","610","0","102","204"
"last3","611","0","102","204"
"last3","612","0","102","204"
"last3","613","0","102","204"
"last3","614","0","102","204"
"last3","615","1","102","204"
"last3","616","0","102","204"
"last3","617","0","102","204"
"last3","618","1","102","204"
"last3","619","0","102","204"
"last3","620","0","102","204"
"last3","621","0","102","204"
"last3","622","1","102","204"
"last3","623","0","102","204"
"last3","624","0","102","204"
"last3","625","0","102","204"
"last3","626","0","102","204"
"last3","627","0","102","204"
"last3","628","0","102","204"
"last3","629","0","102","204"
"last3","630","0","102","204"
"last3","631","2","102","204"
"last3","632","0","102","204"
"last3","633","0","102","204"
"last3","634","1","102","204"
"last3","635","1","102","204"
"last3","636","0","102","204"
"last3","637","0","102","204"
"last3","638","0","102","204"
"last3","639","0","102","204"
"last3","640","0","102","204"
"last3","641","0","102","204"
"last3","642","0","102","204"
"last3","643","0","102","204"
"last3","644","0","102","204"
"last3","645","0","102","204"
"last3","646","0","102","204"
"last3","647","1","102","204"
"last3","648","0","102","204"
"last3","649","0","102","204"
"last3","650","0","102","204"
"last3","651","0","102","204"
"last3","652","1","102","204"
"last3","653","0","102","204"
"last3","654","1","102","204"
"last3","655","0","102","204"
"last3","656","1","102","204"
"last3","657","0","102","204"
"last3","658","0","102","204"
"last3","659","0","102","204"
"last3","660","0","102","204"
"last3","661","0","102","204"
"last3","662","2","102","204"
"last3","663","0","102","204"
"last3","664","1","102","204"
"last3","665","0","102","204"
"last3","666","1","102","204"
"last3","667","0","102","204"
"last3","668","0","102","204"
"last3","669","0","102","204"
"last3","670","0","102","204"
"last3","671","0","102","204"
"last3","672","0","102","204"
"last3","673","0","102","204"
"last3","674","0","102","204"
"last3","675","0","102","204"
"last3","676","0","102","204"
"last3","677","0","102","204"
"last3","678","0","102","204"
"last3","679","0","102","204"
"last3","680","0","102","204"
"last3","681","0","102","204"
"last3","682","0","102","204"
"last3","683","0","102","204"
"last3","684","0","102","204"
"last3","685","1","102","204"
"last3","686","0","102","204"
"last3","687","0","102","204"
"last3","688","0","102","204"
"last3","689","0","102","204"
"last3","690","1","102","204"
"last3","691","0","102","204"
"last3","692","1","102","204"
"last3","693","1","102","204"
"last3","694","0","102","204"
"last3","695","0","102","204"
"last3","696","0","102","204"
"last3","697","1","102","204"
"last3","698","1","102","204"
"last3","699","0","102","204"
"last3","700","0","102","204"
"last3","701","0","102","204"
"last3","702","0","102","204"
"last3","703","2","102","204"
"last3","704","0","102","204"
"last3","705","0","102","204"
"last3","706","0","102","204"
"last3","707","0","102","204"
"last3","708","0","102","204"
"last3","709","0","102","204"
"last3","710","0","102","204"
"last3","711","0","102","204"
"last3","712","0","102","204"
"last3","713","0","102","204"
"last3","714","0","102","204"
"last3","715","0","102","204"
"last3","716","1","102","204"
"last3","717","0","102","204"
"last3","718","0","102","204"
"last3","719","0","102","204"
"last3","720","0","102","204"
"last3","721","1","102","204"
"last3","722","0","102","204"
"last3","723","0","102","204"
"last3","724","0","102","204"
"last3","725","0","102","204"
"last3","726","0","102","204"
"last3","727","0","102","204"
"last3","728","1","102","204"
"last3","729","0","102","204"
"last3","730","0","102","204"
"last3","731","1","102","204"
"last3","732","0","102","204"
"last3","733","0","102","204"
"last3","734","1","102","204"
"last3","735","0","102","204"
"last3","736","1","102","204"
"last3","737","1","102","204"
"last3","738","0","102","204"
"last3","739","0","102","204"
"last3","740","1","102","204"
"last3","741","0","102","204"
"last3","742","1","102","204"
"last3","743","0","102","204"
"last3","744","0","102","204"
"last3","745","0","102","204"
"last3","746","1","102","204"
"last3","747","0","102","204"
"last3","748","1","102","204"
"last3","749","0","102","204"
"last3","750","0","102","204"
"last3","751","0","102","204"
"last3","752","0","102","204"
"last3","753","0","102","204"
"last3","754","0","102","204"
"last3","755","0","102","204"
"last3","756","0","102","204"
"last3","757","0","102","204"
"last3","758","0","102","204"
"last3","759","0","102","204"
"last3","760","1","102","204"
"last3","761","0","102","204"
"last3","762","0","102","204"
"last3","763","0","102","204"
"last3","764","0","102","204"
"last3","765","1","102","204"
"last3","766","0","102","204"
"last3","767","0","102","204"
"last3","768","0","102","204"
"last3","769","0","102","204"
"last3","770","0","102","204"
"last3","771","0","102","204"
"last3","772","0","102","204"
"last3","773","0","102","204"
"last3","774","0","102","204"
"last3","775","0","102","204"
"last3","776","0","102","204"
"last3","777","0","102","204"
"last3","778","2","102","204"
"last3","779","0","102","204"
"last3","780","1","102","204"
"last3","781","1","102","204"
"last3","782","0","102","204"
"last3","783","0","102","204"
"last3","784","0","102","204"
"last3","785","0","102","204"
"last3","786","0","102","204"
"last3","787","0","102","204"
"last3","788","0","102","204"
"last3","789","0","102","204"
"last3","790","0","102","204"
"last3","791","0","102","204"
"last3","792","0","102","204"
"last3","793","0","102","204"
"last3","794","1","102","204"
"last3","795","0","102","204"
"last3","796","0","102","204"
"last3","797","1","102","204"
"last3","798","0","102","204"
"last3","799","1","102","204"
"last3","800","0","102","204"
"last3","801","0","102","204"
"last3","802","0","102","204"
"last3","803","0","102","204"
"last3","804","0","102","204"
"last3","805","0","102","204"
"last3","806","0","102","204"
"last3","807","0","102","204"
"last3","808","0","102","204"
"last3","809","0","102","204"
"last3","810","0","102","204"
"last3","811","0","102","204"
"last3","812","0","102","204"
"last3","813","0","102","204"
"last3","814","0","102","204"
"last3","815","0","102","204"
"last3","816","0","102","204"
"last3","817","0","102","204"
"last3","818","0","102","204"
"last3","819","0","102","204"
"last3","820","0","102","204"
"last3","821","0","102","204"
"last3","822","0","102","204"
"last3","823","0","102","204"
"last3","824","1","102","204"
"last3","825","0","102","204"
"last3","826","0","102","204"
"last3","827","0","102","204"
"last3","828","0","102","204"
"last3","829","0","102","204"
"last3","830","0","102","204"
"last3","831","0","102","204"
"last3","832","0","102","204"
"last3","833","1","102","204"
"last3","834","1","102","204"
"last3","835","0","102","204"
"last3","836","0","102","204"
"last3","837","1","102","204"
"last3","838","0","102","204"
"last3","839","0","102","204"
"last3","840","0","102","204"
"last3","841","0","102","204"
"last3","842","0","102","204"
"last3","843","0","102","204"
"last3","844","0","102","204"
"last3","845","0","102","204"
"last3","846","0","102","204"
"last3","847","0","102","204"
"last3","848","0","102","204"
"last3","849","1","102","204"
"last3","850","0","102","204"
"last3","851","1","102","204"
"last3","852","0","102","204"
"last3","853","0","102","204"
"last3","854","0","102","204"
"last3","855","1","102","204"
"last3","856","0","102","204"
"last3","857","0","102","204"
"last3","858","0","102","204"
"last3","859","0","102","204"
"last3","860","0","102","204"
"last3","861","0","102","204"
"last3","862","0","102","204"
"last3","863","0","102","204"
"last3","864","0","102","204"
"last3","865","0","102","204"
"last3","866","0","102","204"
"last3","867","0","102","204"
"last3","868","1","102","204"
"last3","869","0","102","204"
"last3","870","0","102","204"
"last3","871","0","102","204"
"last3","872","0","102","204"
"last3","873","0","102","204"
"last3","874","1","102","204"
"last3","875","0","102","204"
"last3","876","1","102","204"
"last3","877","0","102","204"
"last3","878","0","102","204"
"last3","879","0","102","204"
"last3","880","0","102","204"
"last3","881","1","102","204"
"last3","882","1","102","204"
"last3","883","0","102","204"
"last3","884","0","102","204"
"last3","885","0","102","204"
"last3","886","0","102","204"
"last3","887","0","102","204"
"last3","888","0","102","204"
"last3","889","1","102","204"
"last3","890","0","102","204"
"last3","891","1","102","204"
"last3","892","0","102","204"
"last3","893","0","102","204"
"last3","894","0","102","204"
"last3","895","0","102","204"
"last3","896","0","102","204"
"last3","897","0","102","204"
"last3","898","0","102","204"
"last3","899","0","102","204"
"last3","900","0","102","204"
"last3","901","0","102","204"
"last3","902","0","102","204"
"last3","903","0","102","204"
"last3","904","0","102","204"
"last3","905","0","102","204"
"last3","906","0","102","204"
"last3","907","0","102","204"
"last3","908","0","102","204"
"last3","909","0","102","204"
"last3","910","0","102","204"
"last3","911","0","102","204"
"last3","912","0","102","204"
"last3","913","0","102","204"
"last3","914","0","102","204"
"last3","915","0","102","204"
"last3","916","0","102","204"
"last3","917","0","102","204"
"last3","918","1","102","204"
"last3","919","1","102","204"
"last3","920","0","102","204"
"last3","921","0","102","204"
"last3","922","1","102","204"
"last3","923","0","102","204"
"last3","924","0","102","204"
"last3","925","0","102","204"
"last3","926","0","102","204"
"last3","927","0","102","204"
"last3","928","0","102","204"
"last3","929","0","102","204"
"last3","930","0","102","204"
"last3","931","0","102","204"
"last3","932","0","102","204"
"last3","933","0","102","204"
"last3","934","0","102","204"
"last3","935","0","102","204"
"last3","936","0","102","204"
"last3","937","1","102","204"
"last3","938","1","102","204"
"last3","939","0","102","204"
"last3","940","0","102","204"
"last3","941","0","102","204"
"last3","942","0","102","204"
"last3","943","0","102","204"
"last3","944","0","102","204"
"last3","945","0","102","204"
"last3","946","0","102","204"
"last3","947","2","102","204"
"last3","948","0","102","204"
"last3","949","0","102","204"
"last3","950","0","102","204"
"last3","951","0","102","204"
"last3","952","0","102","204"
"last3","953","0","102","204"
"last3","954","1","102","204"
"last3","955","0","102","204"
"last3","956","0","102","204"
"last3","957","0","102","204"
"last3","958","0","102","204"
"last3","959","0","102","204"
"last3","960","0","102","204"
"last3","961","1","102","204"
"last3","962","0","102","204"
"last3","963","0","102","204"
"last3","964","1","102","204"
"last3","965","1","102","204"
"last3","966","0","102","204"
"last3","967","0","102","204"
"last3","968","0","102","204"
"last3","969","0","102","204"
"last3","970","1","102","204"
"last3","971","1","102","204"
"last3","972","0","102","204"
"last3","973","1","102","204"
"last3","974","0","102","204"
"last3","975","0","102","204"
"last3","976","0","102","204"
"last3","977","0","102","204"
"last3","978","0","102","204"
"last3","979","0","102","204"
"last3","980","1","102","204"
"last3","981","0","102","204"
"last3","982","0","102","204"
"last3","983","0","102","204"
"last3","984","1","102","204"
"last3","985","0","102","204"
"last3","986","0","102","204"
"last3","987","0","102","204"
"last3","988","0","102","204"
"last3","989","1","102","204"
"last3","990","0","102","204"
"last3","991","0","102","204"
"last3","992","0","102","204"
"last3","993","0","102","204"
"last3","994","0","102","204"
"last3","995","1","102","204"
"last3","996","0","102","204"
"last3","997","0","102","204"
"last3","998","0","102","204"
"last3","999","0","102","204"