"date","trainEnd","model","phase","actual","top20","hits","brier","logLoss","actualProbability"
"2025-04-16","2025-04-01","uniform","validation","85","[""75"",""88"",""56"",""58"",""68"",""54"",""77"",""97"",""65"",""89"",""11"",""08"",""45"",""02"",""86"",""31"",""20"",""73"",""33"",""96""]","{""1"":false,""5"":false,""10"":false,""20"":false}","0.9899999999999998","4.605170185988091","0.01"
"2025-04-16","2025-04-01","frequency","validation","85","[""89"",""51"",""79"",""91"",""46"",""32"",""99"",""09"",""21"",""61"",""58"",""54"",""65"",""31"",""73"",""44"",""67"",""94"",""16"",""17""]","{""1"":false,""5"":false,""10"":false,""20"":false}","0.9859166807218757","4.343805421853684","0.012987012987012988"
"2025-04-16","2025-04-01","recent","validation","85","[""51"",""32"",""21"",""54"",""89"",""31"",""94"",""00"",""38"",""28"",""46"",""59"",""50"",""37"",""36"",""23"",""61"",""75"",""88"",""56""]","{""1"":false,""5"":false,""10"":false,""20"":false}","0.9948611111111114","4.787491742782046","0.008333333333333333"
"2025-04-16","2025-04-01","decay","validation","85","[""51"",""32"",""21"",""61"",""36"",""54"",""50"",""89"",""79"",""46"",""23"",""38"",""00"",""59"",""37"",""94"",""09"",""91"",""28"",""31""]","{""1"":false,""5"":false,""10"":false,""20"":false}","0.9894136161188979","4.53322887826724","0.010745922719433127"
"2025-04-16","2025-04-01","position","validation","85","[""61"",""69"",""31"",""51"",""91"",""39"",""99"",""59"",""41"",""49"",""71"",""60"",""79"",""90"",""30"",""50"",""81"",""21"",""62"",""66""]","{""1"":false,""5"":false,""10"":false,""20"":false}","1.0022459030151367","5.322033893165353","0.0048828125"
"2025-04-16","2025-04-01","markov","validation","85","[""38"",""32"",""34"",""36"",""88"",""56"",""58"",""68"",""54"",""86"",""12"",""16"",""52"",""64"",""62"",""82"",""84"",""14"",""66"",""18""]","{""1"":false,""5"":false,""10"":false,""20"":false}","0.9952965561224489","4.718498871295095","0.008928571428571428"
"2025-04-16","2025-04-01","sum","validation","85","[""99"",""89"",""00"",""98"",""73"",""64"",""91"",""28"",""46"",""19"",""82"",""55"",""37"",""41"",""05"",""32"",""14"",""50"",""23"",""12""]","{""1"":false,""5"":false,""10"":false,""20"":false}","0.9887270531982962","4.526126978647638","0.010822510822510822"
"2025-04-16","2025-04-01","ensemble","validation","85","[""99"",""61"",""91"",""51"",""79"",""89"",""21"",""32"",""31"",""46"",""59"",""09"",""71"",""60"",""50"",""30"",""41"",""90"",""69"",""62""]","{""1"":false,""5"":false,""10"":false,""20"":false}","0.9916304448940565","4.6497375080855985","0.009564112103174602"
"2025-04-16","2025-04-01","fixed","validation","85","[""00"",""01"",""02"",""03"",""04"",""05"",""06"",""07"",""08"",""09"",""10"",""11"",""12"",""13"",""14"",""15"",""16"",""17"",""18"",""19""]","{""1"":false,""5"":false,""10"":false,""20"":false}","0.9899999999999998","4.605170185988091","0.01"
"2025-04-16","2025-04-01","random1","validation","85","[""59"",""93"",""94"",""06"",""90"",""19"",""45"",""77"",""70"",""31"",""11"",""14"",""92"",""27"",""81"",""12"",""17"",""07"",""30"",""25""]","{""1"":false,""5"":false,""10"":false,""20"":false}","0.9899999999999998","4.605170185988091","0.01"
"2025-04-16","2025-04-01","random2","validation","85","[""35"",""45"",""67"",""53"",""32"",""85"",""71"",""30"",""61"",""96"",""09"",""99"",""41"",""68"",""74"",""49"",""95"",""75"",""38"",""28""]","{""1"":false,""5"":false,""10"":true,""20"":true}","0.9899999999999998","4.605170185988091","0.01"
"2025-04-16","2025-04-01","random3","validation","85","[""89"",""76"",""67"",""16"",""86"",""14"",""66"",""18"",""30"",""52"",""80"",""75"",""85"",""41"",""01"",""93"",""99"",""42"",""21"",""88""]","{""1"":false,""5"":false,""10"":false,""20"":true}","0.9899999999999998","4.605170185988091","0.01"
"2025-05-02","2025-04-16","uniform","validation","06","[""75"",""88"",""56"",""58"",""68"",""54"",""77"",""97"",""65"",""89"",""11"",""08"",""45"",""02"",""86"",""31"",""20"",""73"",""33"",""96""]","{""1"":false,""5"":false,""10"":false,""20"":false}","0.989999999999999","4.605170185988091","0.01"
"2025-05-02","2025-04-16","frequency","validation","06","[""89"",""51"",""79"",""91"",""46"",""32"",""99"",""09"",""85"",""21"",""61"",""58"",""54"",""65"",""31"",""73"",""44"",""67"",""94"",""16""]","{""1"":false,""5"":false,""10"":false,""20"":false}","0.9990426638917825","5.043425116919247","0.0064516129032258064"
"2025-05-02","2025-04-16","recent","validation","06","[""51"",""32"",""21"",""54"",""89"",""94"",""00"",""38"",""28"",""46"",""85"",""59"",""50"",""37"",""36"",""23"",""61"",""75"",""88"",""56""]","{""1"":false,""5"":false,""10"":false,""20"":false}","0.9948611111111125","4.787491742782046","0.008333333333333333"
"2025-05-02","2025-04-16","decay","validation","06","[""51"",""32"",""85"",""21"",""61"",""36"",""54"",""50"",""89"",""79"",""46"",""23"",""38"",""00"",""59"",""37"",""94"",""09"",""91"",""28""]","{""1"":false,""5"":false,""10"":false,""20"":false}","0.9949167164589507","4.82825674446231","0.00800045595571291"
"2025-05-02","2025-04-16","position","validation","06","[""61"",""69"",""31"",""51"",""91"",""39"",""99"",""59"",""41"",""49"",""81"",""71"",""60"",""89"",""79"",""90"",""30"",""50"",""21"",""62""]","{""1"":false,""5"":false,""10"":false,""20"":false}","1.0004379118378208","5.170720709443328","0.005680473372781066"
"2025-05-02","2025-04-16","markov","validation","06","[""89"",""69"",""59"",""29"",""83"",""53"",""63"",""23"",""39"",""79"",""99"",""09"",""19"",""49"",""88"",""56"",""58"",""68"",""54"",""65""]","{""1"":false,""5"":false,""10"":false,""20"":false}","1.0029585798816572","5.204006687076795","0.005494505494505495"
"2025-05-02","2025-04-16","sum","validation","06","[""99"",""89"",""00"",""98"",""73"",""64"",""91"",""28"",""46"",""19"",""82"",""55"",""37"",""58"",""67"",""94"",""41"",""76"",""05"",""32""]","{""1"":false,""5"":false,""10"":false,""20"":false}","0.9901078572254429","4.59143999317619","0.010138248847926268"
"2025-05-02","2025-04-16","ensemble","validation","06","[""99"",""61"",""91"",""51"",""89"",""79"",""21"",""32"",""46"",""31"",""59"",""09"",""71"",""85"",""50"",""60"",""30"",""41"",""90"",""69""]","{""1"":false,""5"":false,""10"":false,""20"":false}","0.9958828327229539","4.903112038270883","0.0074234450413110465"
"2025-05-02","2025-04-16","fixed","validation","06","[""00"",""01"",""02"",""03"",""04"",""05"",""06"",""07"",""08"",""09"",""10"",""11"",""12"",""13"",""14"",""15"",""16"",""17"",""18"",""19""]","{""1"":false,""5"":false,""10"":true,""20"":true}","0.989999999999999","4.605170185988091","0.01"
"2025-05-02","2025-04-16","random1","validation","06","[""37"",""39"",""16"",""12"",""58"",""19"",""82"",""93"",""67"",""81"",""05"",""53"",""62"",""15"",""87"",""57"",""59"",""47"",""23"",""40""]","{""1"":false,""5"":false,""10"":false,""20"":false}","0.989999999999999","4.605170185988091","0.01"
"2025-05-02","2025-04-16","random2","validation","06","[""46"",""54"",""41"",""60"",""74"",""82"",""11"",""97"",""23"",""24"",""50"",""76"",""70"",""29"",""84"",""90"",""26"",""02"",""75"",""88""]","{""1"":false,""5"":false,""10"":false,""20"":false}","0.989999999999999","4.605170185988091","0.01"
"2025-05-02","2025-04-16","random3","validation","06","[""96"",""23"",""47"",""98"",""07"",""56"",""36"",""45"",""12"",""39"",""18"",""49"",""42"",""66"",""85"",""43"",""01"",""22"",""69"",""58""]","{""1"":false,""5"":false,""10"":false,""20"":false}","0.989999999999999","4.605170185988091","0.01"
"2025-05-16","2025-05-02","uniform","validation","87","[""75"",""88"",""56"",""58"",""68"",""54"",""77"",""97"",""65"",""89"",""11"",""08"",""45"",""02"",""86"",""31"",""20"",""73"",""33"",""96""]","{""1"":false,""5"":false,""10"":false,""20"":false}","0.9899999999999999","4.605170185988091","0.01"
"2025-05-16","2025-05-02","frequency","validation","87","[""89"",""51"",""79"",""91"",""46"",""32"",""99"",""09"",""85"",""21"",""61"",""58"",""54"",""65"",""31"",""73"",""44"",""67"",""94"",""16""]","{""1"":false,""5"":false,""10"":false,""20"":false}","0.9990959894806053","5.049856007249537","0.00641025641025641"
"2025-05-16","2025-05-02","recent","validation","87","[""51"",""32"",""21"",""54"",""94"",""00"",""38"",""28"",""46"",""85"",""06"",""59"",""50"",""37"",""36"",""23"",""61"",""75"",""88"",""56""]","{""1"":false,""5"":false,""10"":false,""20"":false}","0.9948611111111113","4.787491742782046","0.008333333333333333"
"2025-05-16","2025-05-02","decay","validation","87","[""51"",""32"",""85"",""21"",""61"",""06"",""36"",""54"",""50"",""89"",""79"",""46"",""23"",""38"",""00"",""59"",""37"",""94"",""09"",""91""]","{""1"":false,""5"":false,""10"":false,""20"":false}","0.994904625145966","4.8294453127283425","0.007990952516512072"
"2025-05-16","2025-05-02","position","validation","87","[""61"",""69"",""31"",""51"",""91"",""39"",""99"",""59"",""41"",""49"",""81"",""71"",""60"",""66"",""89"",""79"",""56"",""96"",""90"",""30""]","{""1"":false,""5"":false,""10"":false,""20"":false}","0.9978624208526539","4.978112102390695","0.006887052341597796"
"2025-05-16","2025-05-02","markov","validation","87","[""38"",""32"",""35"",""34"",""36"",""45"",""44"",""46"",""48"",""42"",""31"",""33"",""39"",""30"",""37"",""75"",""88"",""56"",""58"",""68""]","{""1"":false,""5"":false,""10"":false,""20"":false}","1.003550295857989","5.272999558563747","0.005128205128205128"
"2025-05-16","2025-05-02","sum","validation","87","[""99"",""89"",""00"",""98"",""73"",""64"",""91"",""28"",""46"",""19"",""82"",""55"",""37"",""58"",""67"",""94"",""41"",""76"",""05"",""32""]","{""1"":false,""5"":false,""10"":false,""20"":false}","0.9943610224058942","4.826712455935327","0.008012820512820512"
"2025-05-16","2025-05-02","ensemble","validation","87","[""99"",""61"",""91"",""51"",""89"",""79"",""21"",""46"",""32"",""09"",""31"",""59"",""60"",""71"",""85"",""50"",""30"",""90"",""36"",""41""]","{""1"":false,""5"":false,""10"":false,""20"":false}","0.9964869599728602","4.947185055641896","0.007103376421558239"
"2025-05-16","2025-05-02","fixed","validation","87","[""00"",""01"",""02"",""03"",""04"",""05"",""06"",""07"",""08"",""09"",""10"",""11"",""12"",""13"",""14"",""15"",""16"",""17"",""18"",""19""]","{""1"":false,""5"":false,""10"":false,""20"":false}","0.9899999999999999","4.605170185988091","0.01"
"2025-05-16","2025-05-02","random1","validation","87","[""38"",""73"",""58"",""00"",""42"",""74"",""55"",""93"",""83"",""85"",""37"",""45"",""76"",""27"",""62"",""26"",""64"",""43"",""40"",""12""]","{""1"":false,""5"":false,""10"":false,""20"":false}","0.9899999999999999","4.605170185988091","0.01"
"2025-05-16","2025-05-02","random2","validation","87","[""40"",""35"",""94"",""26"",""54"",""15"",""80"",""82"",""78"",""91"",""32"",""59"",""10"",""98"",""33"",""89"",""17"",""31"",""90"",""87""]","{""1"":false,""5"":false,""10"":false,""20"":true}","0.9899999999999999","4.605170185988091","0.01"
"2025-05-16","2025-05-02","random3","validation","87","[""64"",""01"",""72"",""74"",""09"",""63"",""49"",""47"",""62"",""42"",""41"",""88"",""02"",""31"",""32"",""12"",""89"",""19"",""04"",""80""]","{""1"":false,""5"":false,""10"":false,""20"":false}","0.9899999999999999","4.605170185988091","0.01"
"2025-06-01","2025-05-16","uniform","validation","20","[""75"",""88"",""56"",""58"",""68"",""54"",""77"",""97"",""65"",""89"",""11"",""08"",""45"",""02"",""86"",""31"",""20"",""73"",""33"",""96""]","{""1"":false,""5"":false,""10"":false,""20"":true}","0.9899999999999991","4.605170185988091","0.01"
"2025-06-01","2025-05-16","frequency","validation","20","[""89"",""51"",""79"",""91"",""46"",""32"",""99"",""09"",""85"",""21"",""61"",""58"",""54"",""65"",""31"",""73"",""44"",""67"",""94"",""87""]","{""1"":false,""5"":false,""10"":false,""20"":false}","0.9991480384599802","5.056245805348308","0.006369426751592357"
"2025-06-01","2025-05-16","recent","validation","20","[""51"",""32"",""54"",""94"",""87"",""00"",""38"",""28"",""46"",""85"",""06"",""59"",""50"",""37"",""21"",""36"",""23"",""61"",""75"",""88""]","{""1"":false,""5"":false,""10"":false,""20"":false}","0.9947222222222235","4.787491742782046","0.008333333333333333"
"2025-06-01","2025-05-16","decay","validation","20","[""51"",""32"",""85"",""21"",""61"",""87"",""06"",""36"",""54"",""50"",""89"",""79"",""46"",""23"",""38"",""00"",""59"",""37"",""94"",""09""]","{""1"":false,""5"":false,""10"":false,""20"":false}","0.9948938068960901","4.830592054220238","0.00798179421180923"
"2025-06-01","2025-05-16","position","validation","20","[""61"",""69"",""31"",""51"",""91"",""39"",""99"",""59"",""41"",""81"",""89"",""49"",""71"",""60"",""66"",""79"",""56"",""96"",""90"",""30""]","{""1"":false,""5"":false,""10"":false,""20"":false}","0.9959313926009378","4.854037177292518","0.0077968367119625745"
"2025-06-01","2025-05-16","markov","validation","20","[""89"",""02"",""20"",""52"",""51"",""00"",""81"",""22"",""09"",""01"",""62"",""80"",""82"",""69"",""59"",""60"",""50"",""21"",""29"",""61""]","{""1"":false,""5"":true,""10"":true,""20"":true}","0.974376417233562","3.960813169597578","0.019047619047619046"
"2025-06-01","2025-05-16","sum","validation","20","[""99"",""89"",""00"",""98"",""73"",""64"",""91"",""28"",""46"",""19"",""82"",""55"",""37"",""58"",""67"",""94"",""41"",""76"",""05"",""32""]","{""1"":false,""5"":false,""10"":false,""20"":false}","0.9976274835194057","5.056245805348308","0.006369426751592356"
"2025-06-01","2025-05-16","ensemble","validation","20","[""99"",""91"",""61"",""51"",""89"",""79"",""21"",""46"",""32"",""09"",""31"",""85"",""59"",""60"",""71"",""50"",""67"",""30"",""69"",""37""]","{""1"":false,""5"":false,""10"":false,""20"":false}","0.9969738327499071","4.9842032091607456","0.0068452300717157626"
"2025-06-01","2025-05-16","fixed","validation","20","[""00"",""01"",""02"",""03"",""04"",""05"",""06"",""07"",""08"",""09"",""10"",""11"",""12"",""13"",""14"",""15"",""16"",""17"",""18"",""19""]","{""1"":false,""5"":false,""10"":false,""20"":false}","0.9899999999999991","4.605170185988091","0.01"
"2025-06-01","2025-05-16","random1","validation","20","[""07"",""25"",""55"",""29"",""03"",""84"",""62"",""46"",""56"",""93"",""86"",""72"",""68"",""30"",""44"",""19"",""40"",""96"",""60"",""57""]","{""1"":false,""5"":false,""10"":false,""20"":false}","0.9899999999999991","4.605170185988091","0.01"
"2025-06-01","2025-05-16","random2","validation","20","[""86"",""01"",""72"",""98"",""65"",""62"",""30"",""84"",""85"",""19"",""56"",""94"",""43"",""66"",""42"",""71"",""03"",""27"",""34"",""07""]","{""1"":false,""5"":false,""10"":false,""20"":false}","0.9899999999999991","4.605170185988091","0.01"
"2025-06-01","2025-05-16","random3","validation","20","[""17"",""45"",""23"",""28"",""51"",""82"",""58"",""62"",""63"",""76"",""67"",""11"",""61"",""69"",""87"",""75"",""90"",""02"",""64"",""48""]","{""1"":false,""5"":false,""10"":false,""20"":false}","0.9899999999999991","4.605170185988091","0.01"
"2025-06-16","2025-06-01","uniform","validation","06","[""75"",""88"",""56"",""58"",""68"",""54"",""77"",""97"",""65"",""89"",""11"",""08"",""45"",""02"",""86"",""31"",""20"",""73"",""33"",""96""]","{""1"":false,""5"":false,""10"":false,""20"":false}","0.989999999999999","4.605170185988091","0.01"
"2025-06-16","2025-06-01","frequency","validation","06","[""89"",""51"",""79"",""91"",""46"",""32"",""99"",""09"",""85"",""21"",""61"",""58"",""54"",""65"",""31"",""20"",""73"",""44"",""67"",""94""]","{""1"":false,""5"":false,""10"":false,""20"":false}","0.9865406184906261","4.3694478524670215","0.012658227848101266"
"2025-06-16","2025-06-01","recent","validation","06","[""51"",""32"",""54"",""20"",""94"",""87"",""00"",""38"",""28"",""85"",""06"",""59"",""50"",""37"",""21"",""36"",""23"",""61"",""75"",""88""]","{""1"":false,""5"":false,""10"":false,""20"":true}","0.9780555555555569","4.0943445622221","0.016666666666666666"
"2025-06-16","2025-06-01","decay","validation","06","[""51"",""32"",""85"",""21"",""20"",""61"",""87"",""06"",""36"",""54"",""50"",""89"",""79"",""46"",""23"",""38"",""00"",""59"",""37"",""94""]","{""1"":false,""5"":false,""10"":true,""20"":true}","0.980006071278661","4.17260821868595","0.015412009764002532"
"2025-06-16","2025-06-01","position","validation","06","[""61"",""69"",""31"",""51"",""91"",""39"",""99"",""59"",""41"",""81"",""60"",""89"",""49"",""71"",""21"",""90"",""30"",""50"",""66"",""79""]","{""1"":false,""5"":false,""10"":false,""20"":false}","0.9963156721064169","4.8836673488628","0.007569204152249135"
"2025-06-16","2025-06-01","markov","validation","06","[""52"",""56"",""54"",""92"",""42"",""59"",""55"",""45"",""96"",""44"",""94"",""46"",""99"",""95"",""49"",""58"",""02"",""12"",""53"",""51""]","{""1"":false,""5"":false,""10"":false,""20"":false}","0.9964923469387743","4.718498871295095","0.008928571428571428"
"2025-06-16","2025-06-01","sum","validation","06","[""99"",""89"",""00"",""98"",""73"",""64"",""91"",""28"",""46"",""19"",""82"",""55"",""37"",""58"",""67"",""94"",""41"",""76"",""05"",""32""]","{""1"":false,""5"":false,""10"":false,""20"":false}","0.9886291815770271","4.5235985322942796","0.0108499095840868"
"2025-06-16","2025-06-01","ensemble","validation","06","[""99"",""91"",""61"",""51"",""89"",""21"",""79"",""46"",""32"",""09"",""31"",""60"",""85"",""50"",""30"",""59"",""71"",""90"",""67"",""69""]","{""1"":false,""5"":false,""10"":false,""20"":false}","0.9899145552355687","4.569888580415361","0.010359113861479067"
"2025-06-16","2025-06-01","fixed","validation","06","[""00"",""01"",""02"",""03"",""04"",""05"",""06"",""07"",""08"",""09"",""10"",""11"",""12"",""13"",""14"",""15"",""16"",""17"",""18"",""19""]","{""1"":false,""5"":false,""10"":true,""20"":true}","0.989999999999999","4.605170185988091","0.01"
"2025-06-16","2025-06-01","random1","validation","06","[""10"",""93"",""63"",""09"",""73"",""77"",""67"",""48"",""12"",""32"",""52"",""33"",""22"",""04"",""57"",""69"",""43"",""08"",""03"",""23""]","{""1"":false,""5"":false,""10"":false,""20"":false}","0.989999999999999","4.605170185988091","0.01"
"2025-06-16","2025-06-01","random2","validation","06","[""70"",""63"",""44"",""39"",""50"",""98"",""87"",""64"",""24"",""13"",""43"",""96"",""19"",""91"",""81"",""69"",""79"",""75"",""92"",""52""]","{""1"":false,""5"":false,""10"":false,""20"":false}","0.989999999999999","4.605170185988091","0.01"
"2025-06-16","2025-06-01","random3","validation","06","[""17"",""39"",""69"",""22"",""53"",""35"",""45"",""57"",""71"",""85"",""29"",""76"",""77"",""75"",""28"",""44"",""87"",""05"",""78"",""97""]","{""1"":false,""5"":false,""10"":false,""20"":false}","0.989999999999999","4.605170185988091","0.01"
"2025-07-01","2025-06-16","uniform","validation","91","[""75"",""88"",""56"",""58"",""68"",""54"",""77"",""97"",""65"",""89"",""11"",""08"",""45"",""02"",""86"",""31"",""20"",""73"",""33"",""96""]","{""1"":false,""5"":false,""10"":false,""20"":false}","0.9899999999999999","4.605170185988091","0.01"
"2025-07-01","2025-06-16","frequency","validation","91","[""89"",""51"",""79"",""91"",""46"",""32"",""99"",""09"",""85"",""06"",""21"",""61"",""58"",""54"",""65"",""31"",""20"",""73"",""44"",""67""]","{""1"":false,""5"":true,""10"":true,""20"":true}","0.9741703255409198","3.970291913552122","0.018867924528301886"
"2025-07-01","2025-06-16","recent","validation","91","[""51"",""32"",""06"",""54"",""20"",""94"",""87"",""00"",""38"",""85"",""59"",""50"",""37"",""21"",""36"",""23"",""61"",""75"",""88"",""56""]","{""1"":false,""5"":false,""10"":false,""20"":false}","0.9948611111111113","4.787491742782046","0.008333333333333333"
"2025-07-01","2025-06-16","decay","validation","91","[""06"",""51"",""32"",""85"",""21"",""20"",""61"",""87"",""36"",""54"",""50"",""89"",""79"",""46"",""23"",""38"",""00"",""59"",""37"",""94""]","{""1"":false,""5"":false,""10"":false,""20"":false}","0.986982361513691","4.425499261618868","0.011968234528795493"
"2025-07-01","2025-06-16","position","validation","91","[""61"",""69"",""31"",""51"",""91"",""39"",""99"",""59"",""41"",""81"",""60"",""66"",""89"",""49"",""01"",""71"",""21"",""56"",""96"",""90""]","{""1"":false,""5"":true,""10"":true,""20"":true}","0.9744104688019267","3.9908761947163125","0.018483511867254776"
"2025-07-01","2025-06-16","markov","validation","91","[""38"",""32"",""35"",""34"",""37"",""36"",""88"",""45"",""86"",""44"",""87"",""46"",""85"",""82"",""84"",""48"",""42"",""47"",""31"",""33""]","{""1"":false,""5"":false,""10"":false,""20"":false}","1.0044642857142856","5.4116460518550396","0.004464285714285714"
"2025-07-01","2025-06-16","sum","validation","91","[""99"",""89"",""00"",""98"",""73"",""64"",""91"",""28"",""46"",""19"",""82"",""55"",""37"",""33"",""51"",""15"",""06"",""24"",""42"",""60""]","{""1"":false,""5"":false,""10"":true,""20"":true}","0.986581145386177","4.4329154355002345","0.011879804332634521"
"2025-07-01","2025-06-16","ensemble","validation","91","[""99"",""91"",""61"",""51"",""89"",""21"",""46"",""79"",""09"",""06"",""32"",""60"",""31"",""85"",""50"",""30"",""59"",""71"",""90"",""36""]","{""1"":false,""5"":true,""10"":true,""20"":true}","0.9778046024701244","4.109839171512545","0.016410413576063727"
"2025-07-01","2025-06-16","fixed","validation","91","[""00"",""01"",""02"",""03"",""04"",""05"",""06"",""07"",""08"",""09"",""10"",""11"",""12"",""13"",""14"",""15"",""16"",""17"",""18"",""19""]","{""1"":false,""5"":false,""10"":false,""20"":false}","0.9899999999999999","4.605170185988091","0.01"
"2025-07-01","2025-06-16","random1","validation","91","[""04"",""85"",""66"",""09"",""28"",""99"",""30"",""52"",""10"",""32"",""11"",""80"",""40"",""43"",""24"",""58"",""05"",""63"",""50"",""74""]","{""1"":false,""5"":false,""10"":false,""20"":false}","0.9899999999999999","4.605170185988091","0.01"
"2025-07-01","2025-06-16","random2","validation","91","[""26"",""55"",""21"",""50"",""92"",""88"",""11"",""57"",""89"",""32"",""62"",""35"",""73"",""47"",""42"",""24"",""59"",""00"",""90"",""41""]","{""1"":false,""5"":false,""10"":false,""20"":false}","0.9899999999999999","4.605170185988091","0.01"
"2025-07-01","2025-06-16","random3","validation","91","[""01"",""10"",""48"",""77"",""88"",""97"",""86"",""49"",""21"",""23"",""60"",""52"",""75"",""44"",""33"",""70"",""32"",""64"",""54"",""56""]","{""1"":false,""5"":false,""10"":false,""20"":false}","0.9899999999999999","4.605170185988091","0.01"
"2025-07-16","2025-07-01","uniform","validation","26","[""75"",""88"",""56"",""58"",""68"",""54"",""77"",""97"",""65"",""89"",""11"",""08"",""45"",""02"",""86"",""31"",""20"",""73"",""33"",""96""]","{""1"":false,""5"":false,""10"":false,""20"":false}","0.9899999999999992","4.605170185988091","0.01"
"2025-07-16","2025-07-01","frequency","validation","26","[""91"",""89"",""51"",""79"",""46"",""32"",""99"",""09"",""85"",""06"",""21"",""61"",""58"",""54"",""65"",""31"",""20"",""73"",""44"",""67""]","{""1"":false,""5"":false,""10"":false,""20"":false}","0.999531249999998","5.075173815233827","0.00625"
"2025-07-16","2025-07-01","recent","validation","26","[""51"",""32"",""06"",""54"",""20"",""87"",""00"",""38"",""91"",""85"",""59"",""50"",""37"",""21"",""36"",""23"",""61"",""75"",""88"",""56""]","{""1"":false,""5"":false,""10"":false,""20"":false}","0.9948611111111123","4.787491742782046","0.008333333333333333"
"2025-07-16","2025-07-01","decay","validation","26","[""06"",""91"",""51"",""32"",""85"",""21"",""20"",""61"",""87"",""36"",""54"",""50"",""89"",""79"",""46"",""23"",""38"",""00"",""59"",""37""]","{""1"":false,""5"":false,""10"":false,""20"":false}","0.9950359048419581","4.833796203196185","0.007956260283160396"
"2025-07-16","2025-07-01","position","validation","26","[""91"",""61"",""31"",""51"",""99"",""69"",""41"",""81"",""39"",""59"",""01"",""71"",""21"",""96"",""90"",""60"",""66"",""89"",""49"",""56""]","{""1"":false,""5"":false,""10"":false,""20"":false}","0.9920086630570588","4.625789473190827","0.009795918367346938"
"2025-07-16","2025-07-01","markov","validation","26","[""75"",""89"",""86"",""81"",""79"",""76"",""85"",""71"",""73"",""83"",""70"",""80"",""45"",""31"",""41"",""39"",""05"",""46"",""09"",""35""]","{""1"":false,""5"":false,""10"":false,""20"":false}","0.9968858131487888","4.7303333289420975","0.008823529411764706"
"2025-07-16","2025-07-01","sum","validation","26","[""99"",""89"",""73"",""64"",""00"",""91"",""28"",""46"",""19"",""82"",""98"",""55"",""37"",""33"",""51"",""15"",""06"",""24"",""42"",""60""]","{""1"":false,""5"":false,""10"":false,""20"":false}","0.9909193638392856","4.633341062954788","0.009722222222222222"
"2025-07-16","2025-07-01","ensemble","validation","26","[""91"",""99"",""61"",""51"",""89"",""21"",""46"",""79"",""09"",""06"",""32"",""31"",""60"",""85"",""90"",""50"",""71"",""30"",""59"",""36""]","{""1"":false,""5"":false,""10"":false,""20"":false}","0.9935249213592044","4.757228699661025","0.008589380196523054"
"2025-07-16","2025-07-01","fixed","validation","26","[""00"",""01"",""02"",""03"",""04"",""05"",""06"",""07"",""08"",""09"",""10"",""11"",""12"",""13"",""14"",""15"",""16"",""17"",""18"",""19""]","{""1"":false,""5"":false,""10"":false,""20"":false}","0.9899999999999992","4.605170185988091","0.01"
"2025-07-16","2025-07-01","random1","validation","26","[""85"",""97"",""16"",""10"",""41"",""29"",""95"",""47"",""76"",""54"",""73"",""42"",""14"",""89"",""71"",""81"",""63"",""96"",""74"",""78""]","{""1"":false,""5"":false,""10"":false,""20"":false}","0.9899999999999992","4.605170185988091","0.01"
"2025-07-16","2025-07-01","random2","validation","26","[""61"",""24"",""72"",""29"",""74"",""17"",""00"",""06"",""96"",""22"",""44"",""19"",""08"",""55"",""21"",""02"",""69"",""52"",""67"",""93""]","{""1"":false,""5"":false,""10"":false,""20"":false}","0.9899999999999992","4.605170185988091","0.01"
"2025-07-16","2025-07-01","random3","validation","26","[""33"",""83"",""01"",""61"",""36"",""88"",""50"",""45"",""05"",""70"",""93"",""29"",""86"",""67"",""98"",""97"",""35"",""54"",""09"",""30""]","{""1"":false,""5"":false,""10"":false,""20"":false}","0.9899999999999992","4.605170185988091","0.01"
"2025-08-01","2025-07-16","uniform","validation","50","[""75"",""88"",""56"",""58"",""68"",""54"",""77"",""97"",""65"",""89"",""11"",""08"",""45"",""02"",""86"",""31"",""20"",""73"",""33"",""96""]","{""1"":false,""5"":false,""10"":false,""20"":false}","0.9899999999999994","4.605170185988091","0.01"
"2025-08-01","2025-07-16","frequency","validation","50","[""91"",""89"",""51"",""79"",""46"",""32"",""99"",""09"",""85"",""06"",""21"",""61"",""58"",""54"",""65"",""31"",""20"",""73"",""44"",""67""]","{""1"":false,""5"":false,""10"":false,""20"":false}","0.987153273407661","4.388257184424518","0.012422360248447204"
"2025-08-01","2025-07-16","recent","validation","50","[""51"",""32"",""06"",""54"",""20"",""87"",""00"",""38"",""91"",""85"",""26"",""59"",""50"",""21"",""36"",""23"",""61"",""75"",""88"",""56""]","{""1"":false,""5"":false,""10"":false,""20"":true}","0.978194444444445","4.0943445622221","0.016666666666666666"
"2025-08-01","2025-07-16","decay","validation","50","[""06"",""91"",""51"",""32"",""85"",""21"",""26"",""20"",""61"",""87"",""36"",""54"",""50"",""89"",""79"",""46"",""23"",""38"",""00"",""59""]","{""1"":false,""5"":false,""10"":false,""20"":true}","0.9837769656316584","4.299990244772179","0.013568691377230928"
"2025-08-01","2025-07-16","position","validation","50","[""91"",""61"",""31"",""51"",""99"",""69"",""41"",""81"",""21"",""96"",""66"",""39"",""59"",""56"",""90"",""60"",""36"",""01"",""71"",""89""]","{""1"":false,""5"":false,""10"":false,""20"":false}","0.9861983550005999","4.3664766707229585","0.012695893671890498"
"2025-08-01","2025-07-16","markov","validation","50","[""56"",""58"",""54"",""52"",""51"",""57"",""55"",""97"",""08"",""45"",""02"",""96"",""44"",""94"",""41"",""07"",""91"",""05"",""46"",""01""]","{""1"":false,""5"":false,""10"":false,""20"":false}","0.9893425605536335","4.442651256490317","0.011764705882352941"
"2025-08-01","2025-07-16","sum","validation","50","[""99"",""73"",""64"",""91"",""28"",""46"",""19"",""82"",""55"",""37"",""89"",""00"",""98"",""33"",""51"",""15"",""06"",""24"",""42"",""60""]","{""1"":false,""5"":false,""10"":false,""20"":false}","0.9875854473574466","4.475268561414147","0.011387163561076606"
"2025-08-01","2025-07-16","ensemble","validation","50","[""91"",""99"",""61"",""51"",""21"",""89"",""46"",""79"",""06"",""09"",""32"",""31"",""60"",""71"",""85"",""90"",""36"",""50"",""30"",""59""]","{""1"":false,""5"":false,""10"":false,""20"":true}","0.9863568888843164","4.408906893927238","0.01216847249380477"
"2025-08-01","2025-07-16","fixed","validation","50","[""00"",""01"",""02"",""03"",""04"",""05"",""06"",""07"",""08"",""09"",""10"",""11"",""12"",""13"",""14"",""15"",""16"",""17"",""18"",""19""]","{""1"":false,""5"":false,""10"":false,""20"":false}","0.9899999999999994","4.605170185988091","0.01"
"2025-08-01","2025-07-16","random1","validation","50","[""63"",""80"",""36"",""41"",""46"",""29"",""70"",""60"",""73"",""07"",""62"",""83"",""71"",""44"",""28"",""57"",""90"",""06"",""08"",""51""]","{""1"":false,""5"":false,""10"":false,""20"":false}","0.9899999999999994","4.605170185988091","0.01"
"2025-08-01","2025-07-16","random2","validation","50","[""17"",""52"",""14"",""15"",""48"",""11"",""72"",""65"",""37"",""97"",""55"",""13"",""87"",""66"",""79"",""60"",""08"",""47"",""43"",""70""]","{""1"":false,""5"":false,""10"":false,""20"":false}","0.9899999999999994","4.605170185988091","0.01"
"2025-08-01","2025-07-16","random3","validation","50","[""98"",""34"",""96"",""12"",""94"",""54"",""64"",""05"",""88"",""16"",""50"",""75"",""31"",""59"",""92"",""80"",""37"",""26"",""83"",""47""]","{""1"":false,""5"":false,""10"":false,""20"":true}","0.9899999999999994","4.605170185988091","0.01"
"2025-08-16","2025-08-01","uniform","validation","63","[""75"",""88"",""56"",""58"",""68"",""54"",""77"",""97"",""65"",""89"",""11"",""08"",""45"",""02"",""86"",""31"",""20"",""73"",""33"",""96""]","{""1"":false,""5"":false,""10"":false,""20"":false}","0.9899999999999995","4.605170185988091","0.01"
"2025-08-16","2025-08-01","frequency","validation","63","[""91"",""89"",""51"",""79"",""46"",""32"",""99"",""09"",""85"",""06"",""50"",""21"",""61"",""58"",""54"",""65"",""31"",""20"",""73"",""44""]","{""1"":false,""5"":false,""10"":false,""20"":false}","0.9873494894071031","4.394449154672439","0.012345679012345678"
"2025-08-16","2025-08-01","recent","validation","63","[""51"",""32"",""06"",""50"",""54"",""20"",""87"",""00"",""38"",""91"",""85"",""26"",""21"",""36"",""23"",""61"",""75"",""88"",""56"",""58""]","{""1"":false,""5"":false,""10"":false,""20"":false}","0.9950000000000006","4.787491742782046","0.008333333333333333"
"2025-08-16","2025-08-01","decay","validation","63","[""06"",""50"",""91"",""51"",""32"",""85"",""21"",""26"",""20"",""61"",""87"",""36"",""54"",""89"",""79"",""46"",""23"",""38"",""00"",""59""]","{""1"":false,""5"":false,""10"":false,""20"":false}","0.9913826467633666","4.626089832911304","0.009792976509874169"
"2025-08-16","2025-08-01","position","validation","63","[""51"",""91"",""61"",""31"",""99"",""69"",""59"",""41"",""81"",""21"",""56"",""96"",""90"",""60"",""66"",""50"",""39"",""01"",""71"",""30""]","{""1"":false,""5"":false,""10"":false,""20"":false}","0.9942961665047246","4.746669748261791","0.008680555555555556"
"2025-08-16","2025-08-01","markov","validation","63","[""56"",""52"",""54"",""02"",""22"",""76"",""72"",""46"",""32"",""06"",""42"",""26"",""59"",""55"",""36"",""75"",""45"",""44"",""39"",""79""]","{""1"":false,""5"":false,""10"":false,""20"":false}","1.0069084421881926","5.666426688112432","0.0034602076124567475"
"2025-08-16","2025-08-01","sum","validation","63","[""99"",""89"",""73"",""41"",""64"",""00"",""91"",""28"",""05"",""46"",""32"",""19"",""82"",""14"",""98"",""55"",""50"",""37"",""23"",""33""]","{""1"":false,""5"":false,""10"":false,""20"":false}","0.9906252494901329","4.617592705986649","0.009876543209876543"
"2025-08-16","2025-08-01","ensemble","validation","63","[""91"",""99"",""51"",""61"",""50"",""21"",""89"",""46"",""06"",""79"",""32"",""09"",""60"",""31"",""90"",""59"",""30"",""85"",""71"",""36""]","{""1"":false,""5"":false,""10"":false,""20"":false}","0.9901180925947598","4.5755214920659615","0.010300925925925927"
"2025-08-16","2025-08-01","fixed","validation","63","[""00"",""01"",""02"",""03"",""04"",""05"",""06"",""07"",""08"",""09"",""10"",""11"",""12"",""13"",""14"",""15"",""16"",""17"",""18"",""19""]","{""1"":false,""5"":false,""10"":false,""20"":false}","0.9899999999999995","4.605170185988091","0.01"
"2025-08-16","2025-08-01","random1","validation","63","[""02"",""98"",""31"",""44"",""08"",""47"",""20"",""81"",""32"",""27"",""61"",""01"",""04"",""88"",""25"",""49"",""23"",""95"",""86"",""74""]","{""1"":false,""5"":false,""10"":false,""20"":false}","0.9899999999999995","4.605170185988091","0.01"
"2025-08-16","2025-08-01","random2","validation","63","[""10"",""33"",""28"",""53"",""02"",""80"",""49"",""39"",""44"",""27"",""84"",""35"",""68"",""79"",""47"",""40"",""18"",""57"",""87"",""51""]","{""1"":false,""5"":false,""10"":false,""20"":false}","0.9899999999999995","4.605170185988091","0.01"
"2025-08-16","2025-08-01","random3","validation","63","[""25"",""62"",""67"",""14"",""01"",""40"",""70"",""96"",""95"",""99"",""54"",""04"",""28"",""52"",""79"",""29"",""03"",""82"",""92"",""49""]","{""1"":false,""5"":false,""10"":false,""20"":false}","0.9899999999999995","4.605170185988091","0.01"
"2025-09-01","2025-08-16","uniform","validation","31","[""75"",""88"",""56"",""58"",""68"",""54"",""77"",""97"",""65"",""89"",""11"",""08"",""45"",""02"",""86"",""31"",""20"",""73"",""33"",""96""]","{""1"":false,""5"":false,""10"":false,""20"":true}","0.9899999999999992","4.605170185988091","0.01"
"2025-09-01","2025-08-16","frequency","validation","31","[""91"",""89"",""51"",""79"",""46"",""32"",""63"",""99"",""09"",""85"",""06"",""50"",""21"",""61"",""58"",""54"",""65"",""31"",""20"",""73""]","{""1"":false,""5"":false,""10"":false,""20"":true}","0.9875418721065895","4.400603020246817","0.012269938650306749"
"2025-09-01","2025-08-16","recent","validation","31","[""51"",""32"",""06"",""50"",""54"",""20"",""87"",""38"",""91"",""63"",""85"",""26"",""21"",""36"",""23"",""61"",""75"",""88"",""56"",""58""]","{""1"":false,""5"":false,""10"":false,""20"":false}","0.995000000000001","4.787491742782046","0.008333333333333333"
"2025-09-01","2025-08-16","decay","validation","31","[""06"",""50"",""91"",""51"",""63"",""32"",""85"",""21"",""26"",""20"",""61"",""87"",""36"",""54"",""89"",""79"",""46"",""23"",""38"",""00""]","{""1"":false,""5"":false,""10"":false,""20"":false}","0.9890820451183328","4.515367960677709","0.010939579051236712"
"2025-09-01","2025-08-16","position","validation","31","[""61"",""51"",""91"",""69"",""31"",""99"",""59"",""60"",""66"",""41"",""81"",""21"",""56"",""96"",""90"",""50"",""39"",""01"",""71"",""30""]","{""1"":false,""5"":true,""10"":true,""20"":true}","0.9756062708250137","4.016570690828946","0.018014636892475133"
"2025-09-01","2025-08-16","markov","validation","31","[""99"",""49"",""44"",""94"",""41"",""91"",""09"",""19"",""69"",""29"",""11"",""64"",""01"",""24"",""14"",""04"",""21"",""61"",""97"",""89""]","{""1"":false,""5"":false,""10"":false,""20"":false}","0.9984882842025686","4.836281906951478","0.007936507936507936"
"2025-09-01","2025-08-16","sum","validation","31","[""99"",""89"",""73"",""41"",""64"",""00"",""91"",""28"",""05"",""46"",""32"",""19"",""82"",""14"",""98"",""55"",""50"",""37"",""23"",""33""]","{""1"":false,""5"":false,""10"":false,""20"":false}","0.9956516635032951","4.911428644012807","0.00736196319018405"
"2025-09-01","2025-08-16","ensemble","validation","31","[""91"",""99"",""61"",""51"",""50"",""21"",""89"",""46"",""60"",""63"",""09"",""06"",""79"",""32"",""90"",""31"",""59"",""30"",""85"",""36""]","{""1"":false,""5"":false,""10"":false,""20"":true}","0.9856192042265319","4.378126550353764","0.012548846244321976"
"2025-09-01","2025-08-16","fixed","validation","31","[""00"",""01"",""02"",""03"",""04"",""05"",""06"",""07"",""08"",""09"",""10"",""11"",""12"",""13"",""14"",""15"",""16"",""17"",""18"",""19""]","{""1"":false,""5"":false,""10"":false,""20"":false}","0.9899999999999992","4.605170185988091","0.01"
"2025-09-01","2025-08-16","random1","validation","31","[""02"",""95"",""98"",""31"",""30"",""62"",""86"",""75"",""71"",""17"",""96"",""35"",""06"",""74"",""69"",""32"",""11"",""09"",""50"",""66""]","{""1"":false,""5"":true,""10"":true,""20"":true}","0.9899999999999992","4.605170185988091","0.01"
"2025-09-01","2025-08-16","random2","validation","31","[""32"",""80"",""45"",""13"",""06"",""39"",""76"",""52"",""42"",""02"",""10"",""22"",""58"",""40"",""12"",""54"",""82"",""19"",""86"",""07""]","{""1"":false,""5"":false,""10"":false,""20"":false}","0.9899999999999992","4.605170185988091","0.01"
"2025-09-01","2025-08-16","random3","validation","31","[""24"",""41"",""85"",""53"",""40"",""88"",""42"",""68"",""29"",""39"",""21"",""47"",""08"",""87"",""55"",""26"",""82"",""28"",""25"",""05""]","{""1"":false,""5"":false,""10"":false,""20"":false}","0.9899999999999992","4.605170185988091","0.01"
"2025-09-16","2025-09-01","uniform","validation","58","[""75"",""88"",""56"",""58"",""68"",""54"",""77"",""97"",""65"",""89"",""11"",""08"",""45"",""02"",""86"",""31"",""20"",""73"",""33"",""96""]","{""1"":false,""5"":true,""10"":true,""20"":true}","0.9899999999999995","4.605170185988091","0.01"
"2025-09-16","2025-09-01","frequency","validation","58","[""91"",""89"",""31"",""51"",""79"",""46"",""32"",""63"",""99"",""09"",""85"",""06"",""50"",""21"",""61"",""58"",""54"",""65"",""20"",""73""]","{""1"":false,""5"":false,""10"":false,""20"":true}","0.9877305175490789","4.406719247264253","0.012195121951219513"
"2025-09-16","2025-09-01","recent","validation","58","[""51"",""06"",""50"",""54"",""31"",""20"",""87"",""38"",""91"",""32"",""63"",""85"",""26"",""21"",""36"",""23"",""61"",""75"",""88"",""56""]","{""1"":false,""5"":false,""10"":false,""20"":false}","0.9948611111111118","4.787491742782046","0.008333333333333333"
"2025-09-16","2025-09-01","decay","validation","58","[""06"",""50"",""31"",""91"",""51"",""63"",""32"",""85"",""21"",""26"",""20"",""61"",""87"",""36"",""54"",""89"",""79"",""46"",""23"",""38""]","{""1"":false,""5"":false,""10"":false,""20"":false}","0.9933333032787219","4.730818294659124","0.008819251339939754"
"2025-09-16","2025-09-01","position","validation","58","[""61"",""31"",""51"",""91"",""69"",""41"",""81"",""21"",""39"",""99"",""59"",""60"",""66"",""56"",""96"",""90"",""30"",""50"",""36"",""01""]","{""1"":false,""5"":false,""10"":false,""20"":false}","0.9953996748411693","4.80146769663802","0.008217677136596057"
"2025-09-16","2025-09-01","markov","validation","58","[""86"",""36"",""89"",""31"",""39"",""81"",""35"",""85"",""56"",""16"",""66"",""65"",""11"",""33"",""83"",""51"",""15"",""19"",""80"",""69""]","{""1"":false,""5"":false,""10"":false,""20"":false}","1.0038995990553077","5.184588601219694","0.005602240896358543"
"2025-09-16","2025-09-01","sum","validation","58","[""99"",""89"",""73"",""64"",""00"",""91"",""28"",""46"",""19"",""82"",""98"",""55"",""37"",""41"",""05"",""32"",""14"",""50"",""23"",""33""]","{""1"":false,""5"":false,""10"":false,""20"":false}","0.9879883891391179","4.493730624253883","0.011178861788617886"
"2025-09-16","2025-09-01","ensemble","validation","58","[""91"",""99"",""61"",""51"",""31"",""21"",""50"",""89"",""46"",""32"",""60"",""63"",""09"",""06"",""79"",""30"",""90"",""36"",""71"",""59""]","{""1"":false,""5"":false,""10"":false,""20"":false}","0.9896945219033381","4.553474378199537","0.010530553625477819"
"2025-09-16","2025-09-01","fixed","validation","58","[""00"",""01"",""02"",""03"",""04"",""05"",""06"",""07"",""08"",""09"",""10"",""11"",""12"",""13"",""14"",""15"",""16"",""17"",""18"",""19""]","{""1"":false,""5"":false,""10"":false,""20"":false}","0.9899999999999995","4.605170185988091","0.01"
"2025-09-16","2025-09-01","random1","validation","58","[""39"",""06"",""95"",""85"",""57"",""14"",""07"",""29"",""28"",""77"",""67"",""02"",""22"",""93"",""16"",""12"",""87"",""78"",""50"",""72""]","{""1"":false,""5"":false,""10"":false,""20"":false}","0.9899999999999995","4.605170185988091","0.01"
"2025-09-16","2025-09-01","random2","validation","58","[""36"",""07"",""41"",""61"",""69"",""14"",""77"",""57"",""87"",""08"",""18"",""96"",""34"",""30"",""64"",""25"",""93"",""67"",""39"",""28""]","{""1"":false,""5"":false,""10"":false,""20"":false}","0.9899999999999995","4.605170185988091","0.01"
"2025-09-16","2025-09-01","random3","validation","58","[""08"",""47"",""55"",""85"",""59"",""40"",""05"",""29"",""73"",""25"",""60"",""07"",""44"",""86"",""02"",""95"",""14"",""34"",""12"",""99""]","{""1"":false,""5"":false,""10"":false,""20"":false}","0.9899999999999995","4.605170185988091","0.01"
"2025-10-01","2025-09-16","uniform","validation","77","[""75"",""88"",""56"",""58"",""68"",""54"",""77"",""97"",""65"",""89"",""11"",""08"",""45"",""02"",""86"",""31"",""20"",""73"",""33"",""96""]","{""1"":false,""5"":false,""10"":true,""20"":true}","0.9899999999999998","4.605170185988091","0.01"
"2025-10-01","2025-09-16","frequency","validation","77","[""91"",""58"",""89"",""31"",""51"",""79"",""46"",""32"",""63"",""99"",""09"",""85"",""06"",""50"",""21"",""61"",""54"",""65"",""20"",""73""]","{""1"":false,""5"":false,""10"":false,""20"":false}","1.0000367309458222","5.10594547390058","0.006060606060606061"
"2025-10-01","2025-09-16","recent","validation","77","[""51"",""06"",""50"",""58"",""54"",""31"",""20"",""87"",""91"",""32"",""63"",""85"",""26"",""21"",""36"",""23"",""61"",""75"",""88"",""56""]","{""1"":false,""5"":false,""10"":false,""20"":false}","0.9948611111111115","4.787491742782046","0.008333333333333333"
"2025-10-01","2025-09-16","decay","validation","77","[""06"",""50"",""31"",""91"",""51"",""63"",""32"",""58"",""85"",""21"",""26"",""20"",""61"",""87"",""36"",""54"",""89"",""79"",""46"",""23""]","{""1"":false,""5"":false,""10"":false,""20"":false}","0.9951102615779739","4.838430680471781","0.007919472487625737"
"2025-10-01","2025-09-16","position","validation","77","[""51"",""61"",""31"",""91"",""69"",""59"",""41"",""81"",""21"",""56"",""39"",""99"",""60"",""66"",""50"",""96"",""90"",""30"",""36"",""01""]","{""1"":false,""5"":false,""10"":false,""20"":false}","0.9989925925925927","5.051457288616511","0.0064"
"2025-10-01","2025-09-16","markov","validation","77","[""54"",""51"",""57"",""50"",""77"",""31"",""20"",""27"",""44"",""67"",""70"",""41"",""07"",""64"",""00"",""01"",""34"",""24"",""40"",""47""]","{""1"":false,""5"":true,""10"":true,""20"":true}","0.9807256235827662","4.143134726391533","0.015873015873015872"
"2025-10-01","2025-09-16","sum","validation","77","[""99"",""58"",""89"",""73"",""67"",""94"",""41"",""64"",""00"",""76"",""91"",""28"",""05"",""46"",""32"",""19"",""85"",""82"",""49"",""14""]","{""1"":false,""5"":false,""10"":false,""20"":false}","0.9958164327255236","4.923623917106626","0.007272727272727273"
"2025-10-01","2025-09-16","ensemble","validation","77","[""91"",""51"",""99"",""61"",""31"",""50"",""21"",""89"",""46"",""58"",""32"",""60"",""63"",""09"",""06"",""79"",""59"",""30"",""90"",""36""]","{""1"":false,""5"":false,""10"":false,""20"":false}","0.9975995028171728","5.024058314428396","0.006577777777777777"
"2025-10-01","2025-09-16","fixed","validation","77","[""00"",""01"",""02"",""03"",""04"",""05"",""06"",""07"",""08"",""09"",""10"",""11"",""12"",""13"",""14"",""15"",""16"",""17"",""18"",""19""]","{""1"":false,""5"":false,""10"":false,""20"":false}","0.9899999999999998","4.605170185988091","0.01"
"2025-10-01","2025-09-16","random1","validation","77","[""54"",""95"",""48"",""04"",""33"",""07"",""75"",""55"",""16"",""87"",""40"",""61"",""60"",""45"",""22"",""26"",""91"",""81"",""14"",""13""]","{""1"":false,""5"":false,""10"":false,""20"":false}","0.9899999999999998","4.605170185988091","0.01"
"2025-10-01","2025-09-16","random2","validation","77","[""54"",""86"",""46"",""31"",""40"",""62"",""26"",""17"",""50"",""97"",""04"",""20"",""43"",""68"",""23"",""49"",""89"",""80"",""02"",""75""]","{""1"":false,""5"":false,""10"":false,""20"":false}","0.9899999999999998","4.605170185988091","0.01"
"2025-10-01","2025-09-16","random3","validation","77","[""18"",""20"",""93"",""81"",""54"",""04"",""14"",""11"",""72"",""40"",""83"",""94"",""07"",""35"",""22"",""38"",""10"",""64"",""73"",""12""]","{""1"":false,""5"":false,""10"":false,""20"":false}","0.9899999999999998","4.605170185988091","0.01"
"2025-10-16","2025-10-01","uniform","validation","61","[""75"",""88"",""56"",""58"",""68"",""54"",""77"",""97"",""65"",""89"",""11"",""08"",""45"",""02"",""86"",""31"",""20"",""73"",""33"",""96""]","{""1"":false,""5"":false,""10"":false,""20"":false}","0.9899999999999995","4.605170185988091","0.01"
"2025-10-16","2025-10-01","frequency","validation","61","[""91"",""58"",""89"",""31"",""51"",""79"",""46"",""32"",""63"",""99"",""09"",""85"",""06"",""50"",""21"",""61"",""54"",""77"",""65"",""20""]","{""1"":false,""5"":false,""10"":false,""20"":true}","0.9759761939323566","4.013375499688434","0.018072289156626505"
"2025-10-16","2025-10-01","recent","validation","61","[""51"",""06"",""50"",""58"",""54"",""77"",""31"",""20"",""87"",""91"",""32"",""63"",""85"",""26"",""21"",""36"",""23"",""75"",""88"",""56""]","{""1"":false,""5"":false,""10"":false,""20"":false}","0.9948611111111118","4.787491742782046","0.008333333333333333"
"2025-10-16","2025-10-01","decay","validation","61","[""06"",""50"",""31"",""91"",""51"",""63"",""32"",""58"",""77"",""85"",""21"",""26"",""20"",""61"",""87"",""36"",""54"",""89"",""79"",""46""]","{""1"":false,""5"":false,""10"":false,""20"":true}","0.9833540496425288","4.284525095676908","0.013780164227156298"
"2025-10-16","2025-10-01","position","validation","61","[""51"",""61"",""31"",""91"",""69"",""59"",""41"",""81"",""71"",""21"",""56"",""39"",""99"",""60"",""66"",""50"",""96"",""90"",""30"",""36""]","{""1"":false,""5"":true,""10"":true,""20"":true}","0.9666514558283011","3.79393223011708","0.022506925207756233"
"2025-10-16","2025-10-01","markov","validation","61","[""90"",""70"",""91"",""99"",""92"",""10"",""60"",""11"",""12"",""79"",""72"",""19"",""62"",""69"",""71"",""61"",""97"",""20"",""96"",""94""]","{""1"":false,""5"":false,""10"":false,""20"":true}","0.9788444444444442","4.029806041084529","0.017777777777777778"
"2025-10-16","2025-10-01","sum","validation","61","[""99"",""89"",""73"",""64"",""00"",""91"",""28"",""46"",""19"",""82"",""98"",""55"",""37"",""58"",""67"",""94"",""41"",""76"",""05"",""32""]","{""1"":false,""5"":false,""10"":false,""20"":false}","0.9922594854460871","4.706522680248379","0.009036144578313253"
"2025-10-16","2025-10-01","ensemble","validation","61","[""91"",""51"",""99"",""61"",""31"",""50"",""21"",""89"",""46"",""58"",""79"",""32"",""60"",""63"",""09"",""06"",""71"",""59"",""30"",""90""]","{""1"":false,""5"":true,""10"":true,""20"":true}","0.97763765668979","4.102067125750179","0.016538452980898663"
"2025-10-16","2025-10-01","fixed","validation","61","[""00"",""01"",""02"",""03"",""04"",""05"",""06"",""07"",""08"",""09"",""10"",""11"",""12"",""13"",""14"",""15"",""16"",""17"",""18"",""19""]","{""1"":false,""5"":false,""10"":false,""20"":false}","0.9899999999999995","4.605170185988091","0.01"
"2025-10-16","2025-10-01","random1","validation","61","[""94"",""20"",""45"",""10"",""47"",""06"",""54"",""05"",""49"",""28"",""87"",""66"",""92"",""97"",""07"",""59"",""36"",""02"",""13"",""88""]","{""1"":false,""5"":false,""10"":false,""20"":false}","0.9899999999999995","4.605170185988091","0.01"
"2025-10-16","2025-10-01","random2","validation","61","[""71"",""60"",""12"",""03"",""05"",""14"",""96"",""10"",""19"",""78"",""62"",""43"",""27"",""88"",""91"",""36"",""68"",""28"",""69"",""99""]","{""1"":false,""5"":false,""10"":false,""20"":false}","0.9899999999999995","4.605170185988091","0.01"
"2025-10-16","2025-10-01","random3","validation","61","[""21"",""59"",""28"",""40"",""75"",""88"",""48"",""10"",""12"",""31"",""81"",""70"",""32"",""44"",""19"",""65"",""46"",""29"",""00"",""72""]","{""1"":false,""5"":false,""10"":false,""20"":false}","0.9899999999999995","4.605170185988091","0.01"
"2025-11-01","2025-10-16","uniform","validation","87","[""75"",""88"",""56"",""58"",""68"",""54"",""77"",""97"",""65"",""89"",""11"",""08"",""45"",""02"",""86"",""31"",""20"",""73"",""33"",""96""]","{""1"":false,""5"":false,""10"":false,""20"":false}","0.9899999999999999","4.605170185988091","0.01"
"2025-11-01","2025-10-16","frequency","validation","87","[""91"",""61"",""58"",""89"",""31"",""51"",""79"",""46"",""32"",""63"",""99"",""09"",""85"",""06"",""50"",""21"",""54"",""77"",""65"",""20""]","{""1"":false,""5"":false,""10"":false,""20"":false}","0.9882749471117649","4.42484663185681","0.011976047904191617"
"2025-11-01","2025-10-16","recent","validation","87","[""51"",""06"",""50"",""58"",""54"",""77"",""31"",""20"",""87"",""91"",""32"",""63"",""85"",""26"",""36"",""23"",""61"",""75"",""88"",""56""]","{""1"":false,""5"":false,""10"":true,""20"":true}","0.9781944444444446","4.0943445622221","0.016666666666666666"
"2025-11-01","2025-10-16","decay","validation","87","[""61"",""06"",""50"",""31"",""91"",""51"",""63"",""32"",""58"",""77"",""85"",""21"",""26"",""20"",""87"",""36"",""54"",""89"",""79"",""46""]","{""1"":false,""5"":false,""10"":false,""20"":true}","0.9839767638235727","4.3052658544280655","0.01349729674866758"
"2025-11-01","2025-10-16","position","validation","87","[""61"",""51"",""31"",""91"",""69"",""59"",""60"",""66"",""41"",""81"",""71"",""21"",""56"",""39"",""99"",""50"",""01"",""96"",""90"",""30""]","{""1"":false,""5"":false,""10"":false,""20"":false}","0.9954078795060718","4.795790545596741","0.008264462809917356"
"2025-11-01","2025-10-16","markov","validation","87","[""96"",""46"",""45"",""41"",""91"",""99"",""95"",""49"",""16"",""06"",""26"",""66"",""36"",""90"",""43"",""48"",""40"",""93"",""98"",""65""]","{""1"":false,""5"":false,""10"":false,""20"":false}","1.0088253474050501","6.035481432524756","0.0023923444976076554"
"2025-11-01","2025-10-16","sum","validation","87","[""99"",""89"",""73"",""64"",""00"",""91"",""28"",""46"",""19"",""82"",""98"",""55"",""37"",""58"",""67"",""94"",""41"",""76"",""05"",""32""]","{""1"":false,""5"":false,""10"":false,""20"":false}","0.9923563907258198","4.712528704308591","0.008982035928143712"
"2025-11-01","2025-10-16","ensemble","validation","87","[""61"",""91"",""51"",""99"",""31"",""50"",""21"",""89"",""46"",""58"",""60"",""79"",""63"",""32"",""71"",""09"",""06"",""59"",""67"",""30""]","{""1"":false,""5"":false,""10"":false,""20"":false}","0.9913035368634266","4.631427011044189","0.009740848880750894"
"2025-11-01","2025-10-16","fixed","validation","87","[""00"",""01"",""02"",""03"",""04"",""05"",""06"",""07"",""08"",""09"",""10"",""11"",""12"",""13"",""14"",""15"",""16"",""17"",""18"",""19""]","{""1"":false,""5"":false,""10"":false,""20"":false}","0.9899999999999999","4.605170185988091","0.01"
"2025-11-01","2025-10-16","random1","validation","87","[""76"",""68"",""27"",""04"",""79"",""05"",""86"",""55"",""50"",""62"",""74"",""72"",""85"",""59"",""31"",""09"",""34"",""92"",""13"",""97""]","{""1"":false,""5"":false,""10"":false,""20"":false}","0.9899999999999999","4.605170185988091","0.01"
"2025-11-01","2025-10-16","random2","validation","87","[""23"",""69"",""65"",""93"",""88"",""25"",""90"",""46"",""75"",""27"",""03"",""12"",""15"",""21"",""38"",""52"",""28"",""04"",""77"",""14""]","{""1"":false,""5"":false,""10"":false,""20"":false}","0.9899999999999999","4.605170185988091","0.01"
"2025-11-01","2025-10-16","random3","validation","87","[""27"",""87"",""04"",""37"",""74"",""28"",""12"",""92"",""47"",""44"",""24"",""53"",""33"",""09"",""66"",""02"",""93"",""88"",""52"",""01""]","{""1"":false,""5"":true,""10"":true,""20"":true}","0.9899999999999999","4.605170185988091","0.01"
"2025-11-16","2025-11-01","uniform","validation","37","[""75"",""88"",""56"",""58"",""68"",""54"",""77"",""97"",""65"",""89"",""11"",""08"",""45"",""02"",""86"",""31"",""20"",""73"",""33"",""96""]","{""1"":false,""5"":false,""10"":false,""20"":false}","0.9899999999999993","4.605170185988091","0.01"
"2025-11-16","2025-11-01","frequency","validation","37","[""91"",""61"",""58"",""89"",""31"",""87"",""51"",""79"",""46"",""32"",""63"",""99"",""09"",""85"",""06"",""50"",""21"",""54"",""77"",""65""]","{""1"":false,""5"":false,""10"":false,""20"":false}","0.9884495464852603","4.430816798843313","0.011904761904761904"
"2025-11-16","2025-11-01","recent","validation","37","[""87"",""06"",""50"",""58"",""54"",""77"",""31"",""20"",""51"",""91"",""32"",""63"",""85"",""26"",""36"",""23"",""61"",""75"",""88"",""56""]","{""1"":false,""5"":false,""10"":false,""20"":false}","0.9948611111111121","4.787491742782046","0.008333333333333333"
"2025-11-16","2025-11-01","decay","validation","37","[""87"",""61"",""06"",""50"",""31"",""91"",""51"",""63"",""32"",""58"",""77"",""85"",""21"",""26"",""20"",""36"",""54"",""89"",""79"",""46""]","{""1"":false,""5"":false,""10"":false,""20"":false}","0.9890206847732911","4.509889623046519","0.010999674219334047"
"2025-11-16","2025-11-01","position","validation","37","[""61"",""51"",""31"",""91"",""81"",""69"",""59"",""60"",""66"",""41"",""71"",""21"",""56"",""39"",""99"",""50"",""67"",""01"",""96"",""90""]","{""1"":false,""5"":false,""10"":false,""20"":false}","0.9881989642268814","4.436751534363128","0.011834319526627219"
"2025-11-16","2025-11-01","markov","validation","37","[""20"",""21"",""51"",""00"",""81"",""22"",""01"",""80"",""60"",""50"",""29"",""61"",""89"",""02"",""52"",""09"",""62"",""82"",""69"",""59""]","{""1"":false,""5"":false,""10"":false,""20"":false}","1.0068359375","5.545177444479562","0.00390625"
"2025-11-16","2025-11-01","sum","validation","37","[""99"",""58"",""89"",""73"",""67"",""94"",""41"",""64"",""00"",""76"",""91"",""28"",""05"",""46"",""32"",""19"",""85"",""82"",""49"",""14""]","{""1"":false,""5"":false,""10"":false,""20"":false}","0.9865035920122008","4.430816798843313","0.011904761904761904"
"2025-11-16","2025-11-01","ensemble","validation","37","[""61"",""91"",""51"",""99"",""31"",""50"",""21"",""89"",""46"",""58"",""79"",""60"",""63"",""87"",""32"",""67"",""71"",""09"",""06"",""59""]","{""1"":false,""5"":false,""10"":false,""20"":false}","0.9870096769898299","4.432791133147031","0.011881281112050342"
"2025-11-16","2025-11-01","fixed","validation","37","[""00"",""01"",""02"",""03"",""04"",""05"",""06"",""07"",""08"",""09"",""10"",""11"",""12"",""13"",""14"",""15"",""16"",""17"",""18"",""19""]","{""1"":false,""5"":false,""10"":false,""20"":false}","0.9899999999999993","4.605170185988091","0.01"
"2025-11-16","2025-11-01","random1","validation","37","[""79"",""01"",""96"",""27"",""18"",""44"",""37"",""31"",""24"",""04"",""36"",""23"",""89"",""39"",""68"",""55"",""94"",""53"",""80"",""33""]","{""1"":false,""5"":false,""10"":true,""20"":true}","0.9899999999999993","4.605170185988091","0.01"
"2025-11-16","2025-11-01","random2","validation","37","[""53"",""41"",""67"",""79"",""33"",""62"",""25"",""14"",""12"",""97"",""31"",""56"",""32"",""81"",""26"",""87"",""02"",""76"",""55"",""58""]","{""1"":false,""5"":false,""10"":false,""20"":false}","0.9899999999999993","4.605170185988091","0.01"
"2025-11-16","2025-11-01","random3","validation","37","[""93"",""21"",""83"",""73"",""59"",""58"",""26"",""71"",""88"",""18"",""47"",""25"",""72"",""92"",""98"",""46"",""08"",""05"",""49"",""39""]","{""1"":false,""5"":false,""10"":false,""20"":false}","0.9899999999999993","4.605170185988091","0.01"
"2025-12-01","2025-11-16","uniform","validation","22","[""75"",""88"",""56"",""58"",""68"",""54"",""77"",""97"",""65"",""89"",""11"",""08"",""45"",""02"",""86"",""31"",""20"",""73"",""33"",""96""]","{""1"":false,""5"":false,""10"":false,""20"":false}","0.9899999999999991","4.605170185988091","0.01"
"2025-12-01","2025-11-16","frequency","validation","22","[""91"",""61"",""58"",""89"",""31"",""87"",""51"",""79"",""46"",""32"",""63"",""99"",""09"",""85"",""06"",""50"",""37"",""21"",""54"",""77""]","{""1"":false,""5"":false,""10"":false,""20"":false}","1.00045516613564","5.1298987149230735","0.005917159763313609"
"2025-12-01","2025-11-16","recent","validation","22","[""87"",""06"",""50"",""58"",""54"",""77"",""31"",""20"",""51"",""91"",""32"",""63"",""85"",""26"",""37"",""36"",""61"",""75"",""88"",""56""]","{""1"":false,""5"":false,""10"":false,""20"":false}","0.9948611111111124","4.787491742782046","0.008333333333333333"
"2025-12-01","2025-11-16","decay","validation","22","[""87"",""61"",""37"",""06"",""50"",""31"",""91"",""51"",""63"",""32"",""58"",""77"",""85"",""21"",""26"",""20"",""36"",""54"",""89"",""79""]","{""1"":false,""5"":false,""10"":false,""20"":false}","0.9952382386549429","4.84158911193831","0.007894498836066749"
"2025-12-01","2025-11-16","position","validation","22","[""61"",""31"",""51"",""91"",""81"",""69"",""39"",""59"",""67"",""60"",""66"",""41"",""71"",""21"",""56"",""99"",""57"",""30"",""50"",""37""]","{""1"":false,""5"":false,""10"":false,""20"":false}","0.9984405937435661","5.001226086650675","0.006729690754686749"
"2025-12-01","2025-11-16","markov","validation","22","[""31"",""51"",""81"",""80"",""30"",""50"",""89"",""11"",""87"",""52"",""39"",""32"",""57"",""82"",""10"",""59"",""60"",""37"",""61"",""12""]","{""1"":false,""5"":false,""10"":false,""20"":false}","1.0018796189499763","5.030437921392435","0.0065359477124183"
"2025-12-01","2025-11-16","sum","validation","22","[""99"",""73"",""64"",""91"",""28"",""46"",""19"",""82"",""55"",""37"",""58"",""89"",""67"",""94"",""41"",""00"",""76"",""05"",""32"",""85""]","{""1"":false,""5"":false,""10"":false,""20"":false}","0.9937673222948595","4.7934264783018605","0.008284023668639054"
"2025-12-01","2025-11-16","ensemble","validation","22","[""61"",""91"",""51"",""99"",""31"",""37"",""50"",""21"",""89"",""46"",""87"",""67"",""58"",""32"",""79"",""60"",""63"",""09"",""71"",""06""]","{""1"":false,""5"":false,""10"":false,""20"":false}","0.9968349160481479","4.965142264905488","0.006976958062213138"
"2025-12-01","2025-11-16","fixed","validation","22","[""00"",""01"",""02"",""03"",""04"",""05"",""06"",""07"",""08"",""09"",""10"",""11"",""12"",""13"",""14"",""15"",""16"",""17"",""18"",""19""]","{""1"":false,""5"":false,""10"":false,""20"":false}","0.9899999999999991","4.605170185988091","0.01"
"2025-12-01","2025-11-16","random1","validation","22","[""35"",""41"",""70"",""42"",""26"",""74"",""45"",""40"",""28"",""49"",""47"",""62"",""66"",""05"",""53"",""87"",""30"",""90"",""85"",""00""]","{""1"":false,""5"":false,""10"":false,""20"":false}","0.9899999999999991","4.605170185988091","0.01"
"2025-12-01","2025-11-16","random2","validation","22","[""29"",""83"",""43"",""37"",""15"",""58"",""28"",""92"",""39"",""60"",""91"",""13"",""69"",""17"",""99"",""49"",""68"",""63"",""89"",""51""]","{""1"":false,""5"":false,""10"":false,""20"":false}","0.9899999999999991","4.605170185988091","0.01"
"2025-12-01","2025-11-16","random3","validation","22","[""26"",""90"",""70"",""51"",""38"",""71"",""09"",""05"",""62"",""25"",""03"",""48"",""19"",""46"",""67"",""84"",""43"",""30"",""92"",""35""]","{""1"":false,""5"":false,""10"":false,""20"":false}","0.9899999999999991","4.605170185988091","0.01"
"2025-12-16","2025-12-01","uniform","validation","52","[""75"",""88"",""56"",""58"",""68"",""54"",""77"",""97"",""65"",""89"",""11"",""08"",""45"",""02"",""86"",""31"",""20"",""73"",""33"",""96""]","{""1"":false,""5"":false,""10"":false,""20"":false}","0.9899999999999994","4.605170185988091","0.01"
"2025-12-16","2025-12-01","frequency","validation","52","[""91"",""61"",""58"",""89"",""31"",""87"",""51"",""79"",""46"",""32"",""63"",""99"",""09"",""85"",""06"",""50"",""37"",""21"",""54"",""77""]","{""1"":false,""5"":false,""10"":false,""20"":false}","1.000484429065745","5.135798437050262","0.0058823529411764705"
"2025-12-16","2025-12-01","recent","validation","52","[""87"",""06"",""50"",""58"",""54"",""77"",""31"",""20"",""22"",""91"",""32"",""63"",""85"",""26"",""37"",""36"",""61"",""75"",""88"",""56""]","{""1"":false,""5"":false,""10"":false,""20"":false}","0.9948611111111119","4.787491742782046","0.008333333333333333"
"2025-12-16","2025-12-01","decay","validation","52","[""87"",""61"",""37"",""06"",""50"",""31"",""91"",""22"",""51"",""63"",""32"",""58"",""77"",""85"",""21"",""26"",""20"",""36"",""54"",""89""]","{""1"":false,""5"":false,""10"":false,""20"":false}","0.9952090078625772","4.842311240067429","0.007888800054264894"
"2025-12-16","2025-12-01","position","validation","52","[""61"",""31"",""51"",""91"",""81"",""21"",""69"",""39"",""59"",""67"",""60"",""66"",""41"",""71"",""56"",""99"",""57"",""30"",""50"",""37""]","{""1"":false,""5"":false,""10"":false,""20"":false}","0.9899121093749996","4.515558027298404","0.0109375"
"2025-12-16","2025-12-01","markov","validation","52","[""56"",""58"",""51"",""57"",""50"",""54"",""97"",""08"",""96"",""53"",""52"",""41"",""07"",""00"",""91"",""46"",""01"",""90"",""48"",""06""]","{""1"":false,""5"":false,""10"":false,""20"":true}","0.9814236111111108","4.0943445622221","0.016666666666666666"
"2025-12-16","2025-12-01","sum","validation","52","[""99"",""73"",""64"",""91"",""28"",""46"",""19"",""82"",""55"",""37"",""58"",""89"",""67"",""94"",""41"",""00"",""76"",""05"",""32"",""85""]","{""1"":false,""5"":false,""10"":false,""20"":false}","0.9912002938430277","4.650290621268561","0.009558823529411765"
"2025-12-16","2025-12-01","ensemble","validation","52","[""61"",""91"",""51"",""99"",""31"",""21"",""37"",""50"",""89"",""32"",""46"",""87"",""67"",""58"",""79"",""60"",""63"",""09"",""06"",""71""]","{""1"":false,""5"":false,""10"":false,""20"":false}","0.9931707895729777","4.733811593318422","0.008792892156862745"
"2025-12-16","2025-12-01","fixed","validation","52","[""00"",""01"",""02"",""03"",""04"",""05"",""06"",""07"",""08"",""09"",""10"",""11"",""12"",""13"",""14"",""15"",""16"",""17"",""18"",""19""]","{""1"":false,""5"":false,""10"":false,""20"":false}","0.9899999999999994","4.605170185988091","0.01"
"2025-12-16","2025-12-01","random1","validation","52","[""41"",""06"",""51"",""74"",""45"",""13"",""66"",""68"",""67"",""95"",""29"",""23"",""07"",""38"",""00"",""99"",""24"",""90"",""43"",""50""]","{""1"":false,""5"":false,""10"":false,""20"":false}","0.9899999999999994","4.605170185988091","0.01"
"2025-12-16","2025-12-01","random2","validation","52","[""76"",""50"",""24"",""27"",""81"",""95"",""36"",""98"",""87"",""92"",""68"",""77"",""54"",""05"",""38"",""01"",""97"",""80"",""70"",""23""]","{""1"":false,""5"":false,""10"":false,""20"":false}","0.9899999999999994","4.605170185988091","0.01"
"2025-12-16","2025-12-01","random3","validation","52","[""17"",""28"",""68"",""32"",""72"",""87"",""69"",""48"",""39"",""96"",""64"",""91"",""57"",""46"",""86"",""94"",""04"",""93"",""53"",""83""]","{""1"":false,""5"":false,""10"":false,""20"":false}","0.9899999999999994","4.605170185988091","0.01"
"2026-01-02","2025-12-16","uniform","validation","16","[""75"",""88"",""56"",""58"",""68"",""54"",""77"",""97"",""65"",""89"",""11"",""08"",""45"",""02"",""86"",""31"",""20"",""73"",""33"",""96""]","{""1"":false,""5"":false,""10"":false,""20"":false}","0.9899999999999991","4.605170185988091","0.01"
"2026-01-02","2025-12-16","frequency","validation","16","[""91"",""61"",""58"",""89"",""31"",""87"",""51"",""79"",""46"",""32"",""63"",""99"",""09"",""85"",""06"",""50"",""37"",""21"",""54"",""77""]","{""1"":false,""5"":false,""10"":false,""20"":false}","0.9888170719195638","4.448516375942715","0.011695906432748537"
"2026-01-02","2025-12-16","recent","validation","16","[""87"",""06"",""58"",""54"",""77"",""31"",""20"",""52"",""22"",""91"",""32"",""63"",""85"",""26"",""50"",""37"",""36"",""61"",""75"",""88""]","{""1"":false,""5"":false,""10"":false,""20"":false}","0.9947222222222237","4.787491742782046","0.008333333333333333"
"2026-01-02","2025-12-16","decay","validation","16","[""87"",""61"",""37"",""06"",""50"",""31"",""91"",""52"",""22"",""51"",""63"",""32"",""58"",""77"",""85"",""21"",""26"",""20"",""36"",""54""]","{""1"":false,""5"":false,""10"":false,""20"":false}","0.993069765002889","4.717282041150829","0.008939442596271833"
"2026-01-02","2025-12-16","position","validation","16","[""51"",""61"",""31"",""91"",""81"",""21"",""69"",""59"",""39"",""56"",""67"",""57"",""60"",""66"",""50"",""41"",""71"",""99"",""30"",""37""]","{""1"":false,""5"":false,""10"":false,""20"":false}","1.0008324211268034","5.2053793708887675","0.0054869684499314125"
"2026-01-02","2025-12-16","markov","validation","16","[""56"",""58"",""77"",""70"",""52"",""51"",""76"",""72"",""78"",""57"",""71"",""50"",""68"",""08"",""02"",""31"",""20"",""27"",""67"",""41""]","{""1"":false,""5"":false,""10"":false,""20"":false}","0.9992641966759003","5.0238805208462765","0.006578947368421052"
"2026-01-02","2025-12-16","sum","validation","16","[""99"",""73"",""64"",""91"",""28"",""46"",""19"",""82"",""55"",""37"",""58"",""89"",""67"",""94"",""41"",""00"",""76"",""05"",""32"",""85""]","{""1"":false,""5"":false,""10"":false,""20"":false}","0.989845199961134","4.582047768567238","0.01023391812865497"
"2026-01-02","2025-12-16","ensemble","validation","16","[""61"",""91"",""51"",""99"",""31"",""21"",""50"",""37"",""89"",""32"",""46"",""58"",""87"",""67"",""79"",""60"",""63"",""59"",""06"",""09""]","{""1"":false,""5"":false,""10"":false,""20"":false}","0.9924771018351732","4.695211858367326","0.009138931003778307"
"2026-01-02","2025-12-16","fixed","validation","16","[""00"",""01"",""02"",""03"",""04"",""05"",""06"",""07"",""08"",""09"",""10"",""11"",""12"",""13"",""14"",""15"",""16"",""17"",""18"",""19""]","{""1"":false,""5"":false,""10"":false,""20"":true}","0.9899999999999991","4.605170185988091","0.01"
"2026-01-02","2025-12-16","random1","validation","16","[""20"",""93"",""11"",""06"",""22"",""89"",""46"",""60"",""90"",""50"",""36"",""17"",""01"",""57"",""76"",""97"",""13"",""31"",""98"",""69""]","{""1"":false,""5"":false,""10"":false,""20"":false}","0.9899999999999991","4.605170185988091","0.01"
"2026-01-02","2025-12-16","random2","validation","16","[""60"",""80"",""30"",""31"",""15"",""52"",""92"",""46"",""50"",""03"",""39"",""65"",""91"",""68"",""22"",""74"",""28"",""86"",""41"",""94""]","{""1"":false,""5"":false,""10"":false,""20"":false}","0.9899999999999991","4.605170185988091","0.01"
"2026-01-02","2025-12-16","random3","validation","16","[""61"",""62"",""31"",""52"",""30"",""86"",""51"",""25"",""35"",""16"",""13"",""26"",""10"",""77"",""84"",""64"",""96"",""34"",""66"",""11""]","{""1"":false,""5"":false,""10"":true,""20"":true}","0.9899999999999991","4.605170185988091","0.01"
"2026-01-17","2026-01-02","uniform","holdout","02","[""75"",""88"",""56"",""58"",""68"",""54"",""77"",""97"",""65"",""89"",""11"",""08"",""45"",""02"",""86"",""31"",""20"",""73"",""33"",""96""]","{""1"":false,""5"":false,""10"":false,""20"":true}","0.9899999999999989","4.605170185988091","0.01"
"2026-01-17","2026-01-02","frequency","holdout","02","[""91"",""61"",""58"",""89"",""31"",""87"",""16"",""51"",""79"",""46"",""32"",""63"",""99"",""09"",""85"",""06"",""50"",""37"",""21"",""54""]","{""1"":false,""5"":false,""10"":false,""20"":false}","1.000608436992966","5.147494476813453","0.005813953488372093"
"2026-01-17","2026-01-02","recent","holdout","02","[""87"",""06"",""58"",""77"",""31"",""20"",""16"",""52"",""22"",""91"",""32"",""63"",""85"",""26"",""50"",""37"",""36"",""61"",""75"",""88""]","{""1"":false,""5"":false,""10"":false,""20"":false}","0.9947222222222238","4.787491742782046","0.008333333333333333"
"2026-01-17","2026-01-02","decay","holdout","02","[""87"",""61"",""37"",""06"",""50"",""16"",""31"",""91"",""52"",""22"",""51"",""63"",""32"",""58"",""77"",""85"",""21"",""26"",""20"",""36""]","{""1"":false,""5"":false,""10"":false,""20"":false}","0.9951732421305111","4.84368110552811","0.007878000857956105"
"2026-01-17","2026-01-02","position","holdout","02","[""51"",""61"",""31"",""91"",""81"",""21"",""56"",""69"",""59"",""66"",""39"",""36"",""67"",""57"",""60"",""50"",""41"",""71"",""96"",""99""]","{""1"":false,""5"":false,""10"":false,""20"":false}","0.9974063623922903","4.942237483620615","0.007138607971445568"
"2026-01-17","2026-01-02","markov","holdout","02","[""68"",""65"",""67"",""64"",""62"",""60"",""66"",""61"",""97"",""96"",""94"",""91"",""90"",""95"",""92"",""98"",""63"",""69"",""75"",""88""]","{""1"":false,""5"":false,""10"":false,""20"":false}","0.9959456497918026","4.762173934797756","0.008547008547008548"
"2026-01-17","2026-01-02","sum","holdout","02","[""99"",""73"",""64"",""91"",""28"",""46"",""19"",""82"",""55"",""37"",""58"",""89"",""67"",""94"",""41"",""00"",""76"",""05"",""32"",""85""]","{""1"":false,""5"":false,""10"":false,""20"":false}","0.9948121222754482","4.859812404361672","0.007751937984496124"
"2026-01-17","2026-01-02","ensemble","holdout","02","[""61"",""91"",""51"",""99"",""31"",""21"",""50"",""37"",""89"",""32"",""46"",""58"",""87"",""67"",""79"",""06"",""60"",""63"",""36"",""09""]","{""1"":false,""5"":false,""10"":false,""20"":false}","0.9969245847811249","4.976016526539552","0.006901499814771262"
"2026-01-17","2026-01-02","fixed","holdout","02","[""00"",""01"",""02"",""03"",""04"",""05"",""06"",""07"",""08"",""09"",""10"",""11"",""12"",""13"",""14"",""15"",""16"",""17"",""18"",""19""]","{""1"":false,""5"":true,""10"":true,""20"":true}","0.9899999999999989","4.605170185988091","0.01"
"2026-01-17","2026-01-02","random1","holdout","02","[""35"",""45"",""67"",""53"",""32"",""85"",""71"",""30"",""61"",""96"",""09"",""99"",""41"",""68"",""74"",""49"",""95"",""75"",""38"",""28""]","{""1"":false,""5"":false,""10"":false,""20"":false}","0.9899999999999989","4.605170185988091","0.01"
"2026-01-17","2026-01-02","random2","holdout","02","[""99"",""07"",""93"",""42"",""54"",""50"",""31"",""83"",""63"",""13"",""28"",""84"",""81"",""59"",""94"",""11"",""72"",""45"",""01"",""57""]","{""1"":false,""5"":false,""10"":false,""20"":false}","0.9899999999999989","4.605170185988091","0.01"
"2026-01-17","2026-01-02","random3","holdout","02","[""18"",""15"",""61"",""55"",""56"",""60"",""99"",""26"",""63"",""39"",""10"",""68"",""07"",""00"",""74"",""95"",""27"",""38"",""11"",""37""]","{""1"":false,""5"":false,""10"":false,""20"":false}","0.9899999999999989","4.605170185988091","0.01"
"2026-02-01","2026-01-17","uniform","holdout","48","[""75"",""88"",""56"",""58"",""68"",""54"",""77"",""97"",""65"",""89"",""11"",""08"",""45"",""02"",""86"",""31"",""20"",""73"",""33"",""96""]","{""1"":false,""5"":false,""10"":false,""20"":false}","0.9899999999999994","4.605170185988091","0.01"
"2026-02-01","2026-01-17","frequency","holdout","48","[""91"",""61"",""58"",""89"",""31"",""87"",""16"",""51"",""79"",""46"",""32"",""63"",""99"",""09"",""85"",""06"",""50"",""37"",""21"",""54""]","{""1"":false,""5"":false,""10"":false,""20"":false}","1.0006348357780068","5.153291594497779","0.005780346820809248"
"2026-02-01","2026-01-17","recent","holdout","48","[""87"",""06"",""58"",""77"",""02"",""31"",""20"",""16"",""52"",""22"",""91"",""63"",""85"",""26"",""50"",""37"",""36"",""61"",""75"",""88""]","{""1"":false,""5"":false,""10"":false,""20"":false}","0.9947222222222231","4.787491742782046","0.008333333333333333"
"2026-02-01","2026-01-17","decay","holdout","48","[""87"",""61"",""37"",""06"",""50"",""16"",""02"",""31"",""91"",""52"",""22"",""51"",""63"",""32"",""58"",""77"",""85"",""21"",""26"",""20""]","{""1"":false,""5"":false,""10"":false,""20"":false}","0.9951492269767117","4.844330587347446","0.007872885900841776"
"2026-02-01","2026-01-17","position","holdout","48","[""51"",""61"",""31"",""91"",""81"",""21"",""56"",""69"",""59"",""66"",""39"",""36"",""67"",""52"",""57"",""62"",""60"",""50"",""41"",""01""]","{""1"":false,""5"":false,""10"":false,""20"":false}","0.9994000419863145","5.100011597309828","0.006096675860066772"
"2026-02-01","2026-01-17","markov","holdout","48","[""36"",""86"",""31"",""96"",""38"",""46"",""32"",""30"",""37"",""88"",""97"",""87"",""41"",""81"",""91"",""90"",""80"",""82"",""92"",""48""]","{""1"":false,""5"":false,""10"":false,""20"":true}","0.9823298731257213","4.154969184038536","0.01568627450980392"
"2026-02-01","2026-01-17","sum","holdout","48","[""99"",""73"",""64"",""91"",""28"",""46"",""19"",""82"",""55"",""37"",""58"",""89"",""67"",""94"",""41"",""00"",""76"",""05"",""32"",""85""]","{""1"":false,""5"":false,""10"":false,""20"":false}","0.9970850987548836","5.0197602018732566","0.006606110652353427"
"2026-02-01","2026-01-17","ensemble","holdout","48","[""61"",""91"",""51"",""99"",""31"",""21"",""50"",""37"",""32"",""89"",""46"",""58"",""06"",""87"",""67"",""09"",""79"",""52"",""63"",""60""]","{""1"":false,""5"":false,""10"":false,""20"":false}","0.9983763354216642","5.089508963145206","0.0061610444444098154"
"2026-02-01","2026-01-17","fixed","holdout","48","[""00"",""01"",""02"",""03"",""04"",""05"",""06"",""07"",""08"",""09"",""10"",""11"",""12"",""13"",""14"",""15"",""16"",""17"",""18"",""19""]","{""1"":false,""5"":false,""10"":false,""20"":false}","0.9899999999999994","4.605170185988091","0.01"
"2026-02-01","2026-01-17","random1","holdout","48","[""46"",""54"",""41"",""60"",""74"",""82"",""11"",""97"",""23"",""24"",""50"",""76"",""70"",""29"",""84"",""90"",""26"",""02"",""75"",""88""]","{""1"":false,""5"":false,""10"":false,""20"":false}","0.9899999999999994","4.605170185988091","0.01"
"2026-02-01","2026-01-17","random2","holdout","48","[""99"",""34"",""03"",""54"",""50"",""51"",""04"",""11"",""24"",""53"",""37"",""66"",""87"",""21"",""84"",""48"",""27"",""75"",""60"",""12""]","{""1"":false,""5"":false,""10"":false,""20"":true}","0.9899999999999994","4.605170185988091","0.01"
"2026-02-01","2026-01-17","random3","holdout","48","[""32"",""66"",""36"",""44"",""37"",""04"",""57"",""72"",""64"",""26"",""75"",""95"",""46"",""39"",""52"",""93"",""63"",""91"",""47"",""82""]","{""1"":false,""5"":false,""10"":false,""20"":false}","0.9899999999999994","4.605170185988091","0.01"
"2026-02-16","2026-02-01","uniform","holdout","07","[""75"",""88"",""56"",""58"",""68"",""54"",""77"",""97"",""65"",""89"",""11"",""08"",""45"",""02"",""86"",""31"",""20"",""73"",""33"",""96""]","{""1"":false,""5"":false,""10"":false,""20"":false}","0.989999999999999","4.605170185988091","0.01"
"2026-02-16","2026-02-01","frequency","holdout","07","[""91"",""61"",""58"",""89"",""31"",""87"",""16"",""51"",""79"",""46"",""32"",""63"",""99"",""09"",""85"",""06"",""50"",""37"",""21"",""54""]","{""1"":false,""5"":false,""10"":false,""20"":false}","1.0006605892456053","5.159055299214529","0.005747126436781609"
"2026-02-16","2026-02-01","recent","holdout","07","[""87"",""06"",""58"",""77"",""02"",""31"",""20"",""16"",""52"",""22"",""91"",""63"",""85"",""48"",""26"",""50"",""37"",""61"",""75"",""88""]","{""1"":false,""5"":false,""10"":false,""20"":false}","0.9947222222222237","4.787491742782046","0.008333333333333333"
"2026-02-16","2026-02-01","decay","holdout","07","[""87"",""61"",""37"",""06"",""50"",""16"",""48"",""02"",""31"",""91"",""52"",""22"",""51"",""63"",""32"",""58"",""77"",""85"",""21"",""26""]","{""1"":false,""5"":false,""10"":false,""20"":false}","0.9951270879823784","4.844957545167848","0.007867951480455469"
"2026-02-16","2026-02-01","position","holdout","07","[""51"",""61"",""31"",""91"",""41"",""81"",""21"",""56"",""69"",""59"",""66"",""39"",""36"",""67"",""52"",""57"",""62"",""60"",""50"",""01""]","{""1"":false,""5"":false,""10"":false,""20"":false}","0.9936159412744694","4.718498871295095","0.008928571428571428"
"2026-02-16","2026-02-01","markov","holdout","07","[""67"",""77"",""97"",""27"",""64"",""60"",""37"",""61"",""31"",""20"",""70"",""94"",""91"",""90"",""34"",""24"",""71"",""30"",""74"",""21""]","{""1"":false,""5"":false,""10"":false,""20"":false}","0.9890624999999993","4.382026634673881","0.0125"
"2026-02-16","2026-02-01","sum","holdout","07","[""99"",""73"",""64"",""91"",""28"",""46"",""19"",""82"",""55"",""37"",""58"",""89"",""67"",""94"",""41"",""00"",""76"",""05"",""32"",""85""]","{""1"":false,""5"":false,""10"":false,""20"":false}","0.9887077904443138","4.530446639792155","0.010775862068965518"
"2026-02-16","2026-02-01","ensemble","holdout","07","[""61"",""91"",""51"",""99"",""31"",""21"",""50"",""37"",""32"",""46"",""89"",""58"",""06"",""87"",""67"",""09"",""79"",""63"",""52"",""60""]","{""1"":false,""5"":false,""10"":false,""20"":false}","0.9936880338153611","4.769590532452806","0.008483853311439518"
"2026-02-16","2026-02-01","fixed","holdout","07","[""00"",""01"",""02"",""03"",""04"",""05"",""06"",""07"",""08"",""09"",""10"",""11"",""12"",""13"",""14"",""15"",""16"",""17"",""18"",""19""]","{""1"":false,""5"":false,""10"":true,""20"":true}","0.989999999999999","4.605170185988091","0.01"
"2026-02-16","2026-02-01","random1","holdout","07","[""40"",""35"",""94"",""26"",""54"",""15"",""80"",""82"",""78"",""91"",""32"",""59"",""10"",""98"",""33"",""89"",""17"",""31"",""90"",""87""]","{""1"":false,""5"":false,""10"":false,""20"":false}","0.989999999999999","4.605170185988091","0.01"
"2026-02-16","2026-02-01","random2","holdout","07","[""91"",""81"",""98"",""95"",""76"",""01"",""27"",""87"",""40"",""03"",""49"",""92"",""78"",""20"",""38"",""29"",""89"",""96"",""90"",""50""]","{""1"":false,""5"":false,""10"":false,""20"":false}","0.989999999999999","4.605170185988091","0.01"
"2026-02-16","2026-02-01","random3","holdout","07","[""39"",""03"",""81"",""67"",""05"",""97"",""22"",""11"",""37"",""34"",""46"",""54"",""58"",""85"",""12"",""91"",""98"",""32"",""33"",""02""]","{""1"":false,""5"":false,""10"":false,""20"":false}","0.989999999999999","4.605170185988091","0.01"
"2026-03-01","2026-02-16","uniform","holdout","06","[""75"",""88"",""56"",""58"",""68"",""54"",""77"",""97"",""65"",""89"",""11"",""08"",""45"",""02"",""86"",""31"",""20"",""73"",""33"",""96""]","{""1"":false,""5"":false,""10"":false,""20"":false}","0.989999999999999","4.605170185988091","0.01"
"2026-03-01","2026-02-16","frequency","holdout","06","[""91"",""61"",""58"",""89"",""31"",""87"",""16"",""51"",""79"",""46"",""32"",""63"",""99"",""09"",""85"",""06"",""50"",""37"",""21"",""54""]","{""1"":false,""5"":false,""10"":false,""20"":true}","0.9778285714285704","4.0661736852554045","0.017142857142857144"
"2026-03-01","2026-02-16","recent","holdout","06","[""87"",""06"",""58"",""77"",""02"",""31"",""20"",""16"",""52"",""07"",""22"",""91"",""63"",""48"",""26"",""50"",""37"",""61"",""75"",""88""]","{""1"":false,""5"":true,""10"":true,""20"":true}","0.9613888888888903","3.6888794541139363","0.025"
"2026-03-01","2026-02-16","decay","holdout","06","[""87"",""61"",""37"",""06"",""50"",""16"",""07"",""48"",""02"",""31"",""91"",""52"",""22"",""51"",""63"",""32"",""58"",""77"",""85"",""21""]","{""1"":false,""5"":true,""10"":true,""20"":true}","0.9779337662920023","4.107451003916165","0.016449651228405384"
"2026-03-01","2026-02-16","position","holdout","06","[""51"",""61"",""31"",""91"",""41"",""81"",""01"",""21"",""56"",""67"",""57"",""69"",""59"",""66"",""39"",""37"",""36"",""52"",""62"",""60""]","{""1"":false,""5"":false,""10"":false,""20"":false}","0.9892937871912447","4.503275878306751","0.011072664359861591"
"2026-03-01","2026-02-16","markov","holdout","06","[""31"",""41"",""32"",""40"",""42"",""30"",""39"",""81"",""91"",""90"",""80"",""82"",""92"",""49"",""47"",""37"",""97"",""89"",""87"",""99""]","{""1"":false,""5"":false,""10"":false,""20"":false}","1.0084876543209853","5.662960480135946","0.003472222222222222"
"2026-03-01","2026-02-16","sum","holdout","06","[""99"",""73"",""64"",""91"",""28"",""46"",""19"",""82"",""55"",""37"",""58"",""89"",""67"",""70"",""94"",""16"",""52"",""41"",""07"",""00""]","{""1"":false,""5"":false,""10"":false,""20"":false}","0.9890446388079044","4.545746765517291","0.010612244897959184"
"2026-03-01","2026-02-16","ensemble","holdout","06","[""61"",""91"",""51"",""99"",""31"",""37"",""21"",""50"",""32"",""46"",""89"",""58"",""06"",""87"",""67"",""09"",""52"",""79"",""63"",""60""]","{""1"":false,""5"":false,""10"":false,""20"":true}","0.9847604946623729","4.347231948077819","0.012942588800225974"
"2026-03-01","2026-02-16","fixed","holdout","06","[""00"",""01"",""02"",""03"",""04"",""05"",""06"",""07"",""08"",""09"",""10"",""11"",""12"",""13"",""14"",""15"",""16"",""17"",""18"",""19""]","{""1"":false,""5"":false,""10"":true,""20"":true}","0.989999999999999","4.605170185988091","0.01"
"2026-03-01","2026-02-16","random1","holdout","06","[""86"",""01"",""72"",""98"",""65"",""62"",""30"",""84"",""85"",""19"",""56"",""94"",""43"",""66"",""42"",""71"",""03"",""27"",""34"",""07""]","{""1"":false,""5"":false,""10"":false,""20"":false}","0.989999999999999","4.605170185988091","0.01"
"2026-03-01","2026-02-16","random2","holdout","06","[""26"",""00"",""63"",""49"",""10"",""01"",""29"",""68"",""94"",""91"",""47"",""17"",""15"",""92"",""80"",""35"",""61"",""06"",""89"",""54""]","{""1"":false,""5"":false,""10"":false,""20"":true}","0.989999999999999","4.605170185988091","0.01"
"2026-03-01","2026-02-16","random3","holdout","06","[""21"",""04"",""84"",""33"",""03"",""53"",""09"",""19"",""25"",""20"",""58"",""88"",""99"",""28"",""16"",""44"",""13"",""50"",""48"",""30""]","{""1"":false,""5"":false,""10"":false,""20"":false}","0.989999999999999","4.605170185988091","0.01"
"2026-03-16","2026-03-01","uniform","holdout","64","[""75"",""88"",""56"",""58"",""68"",""54"",""77"",""97"",""65"",""89"",""11"",""08"",""45"",""02"",""86"",""31"",""20"",""73"",""33"",""96""]","{""1"":false,""5"":false,""10"":false,""20"":false}","0.9899999999999995","4.605170185988091","0.01"
"2026-03-16","2026-03-01","frequency","holdout","64","[""91"",""06"",""61"",""58"",""89"",""31"",""87"",""16"",""51"",""79"",""46"",""32"",""63"",""99"",""09"",""85"",""50"",""37"",""21"",""54""]","{""1"":false,""5"":false,""10"":false,""20"":false}","1.0008393595041314","5.170483995038151","0.005681818181818182"
"2026-03-16","2026-03-01","recent","holdout","64","[""87"",""06"",""58"",""77"",""02"",""31"",""20"",""16"",""52"",""07"",""22"",""91"",""63"",""48"",""26"",""50"",""37"",""61"",""75"",""88""]","{""1"":false,""5"":false,""10"":false,""20"":false}","0.9947222222222227","4.787491742782046","0.008333333333333333"
"2026-03-16","2026-03-01","decay","holdout","64","[""06"",""87"",""61"",""37"",""50"",""16"",""07"",""48"",""02"",""31"",""91"",""52"",""22"",""51"",""63"",""32"",""58"",""77"",""85"",""21""]","{""1"":false,""5"":false,""10"":false,""20"":false}","0.9952181767190925","4.846147037965124","0.007858598172789026"
"2026-03-16","2026-03-01","position","holdout","64","[""51"",""61"",""31"",""91"",""01"",""56"",""66"",""41"",""81"",""21"",""67"",""57"",""69"",""59"",""36"",""39"",""37"",""96"",""52"",""62""]","{""1"":false,""5"":false,""10"":false,""20"":false}","0.9965854257091888","4.901361407274544","0.007436452136289887"
"2026-03-16","2026-03-01","markov","holdout","64","[""32"",""42"",""45"",""02"",""31"",""44"",""41"",""38"",""46"",""35"",""82"",""34"",""92"",""48"",""40"",""47"",""30"",""37"",""36"",""88""]","{""1"":false,""5"":false,""10"":false,""20"":false}","1.000699709572602","5.084505142662711","0.006191950464396284"
"2026-03-16","2026-03-01","sum","holdout","64","[""99"",""73"",""64"",""91"",""28"",""46"",""19"",""82"",""55"",""37"",""89"",""33"",""70"",""16"",""52"",""51"",""07"",""00"",""15"",""34""]","{""1"":false,""5"":true,""10"":true,""20"":true}","0.9862873868555688","4.42326959320793","0.011994949494949496"
"2026-03-16","2026-03-01","ensemble","holdout","64","[""61"",""91"",""51"",""06"",""99"",""31"",""37"",""21"",""50"",""46"",""32"",""89"",""09"",""58"",""87"",""67"",""52"",""60"",""79"",""36""]","{""1"":false,""5"":false,""10"":false,""20"":false}","0.9939189556827783","4.782973174383597","0.008371073271019188"
"2026-03-16","2026-03-01","fixed","holdout","64","[""00"",""01"",""02"",""03"",""04"",""05"",""06"",""07"",""08"",""09"",""10"",""11"",""12"",""13"",""14"",""15"",""16"",""17"",""18"",""19""]","{""1"":false,""5"":false,""10"":false,""20"":false}","0.9899999999999995","4.605170185988091","0.01"
"2026-03-16","2026-03-01","random1","holdout","64","[""70"",""63"",""44"",""39"",""50"",""98"",""87"",""64"",""24"",""13"",""43"",""96"",""19"",""91"",""81"",""69"",""79"",""75"",""92"",""52""]","{""1"":false,""5"":false,""10"":true,""20"":true}","0.9899999999999995","4.605170185988091","0.01"
"2026-03-16","2026-03-01","random2","holdout","64","[""68"",""41"",""17"",""19"",""15"",""02"",""81"",""86"",""18"",""38"",""07"",""73"",""16"",""10"",""14"",""62"",""54"",""28"",""06"",""29""]","{""1"":false,""5"":false,""10"":false,""20"":false}","0.9899999999999995","4.605170185988091","0.01"
"2026-03-16","2026-03-01","random3","holdout","64","[""88"",""49"",""63"",""30"",""97"",""95"",""70"",""36"",""46"",""64"",""90"",""04"",""87"",""52"",""61"",""82"",""57"",""24"",""79"",""43""]","{""1"":false,""5"":false,""10"":true,""20"":true}","0.9899999999999995","4.605170185988091","0.01"
"2026-04-01","2026-03-16","uniform","holdout","47","[""75"",""88"",""56"",""58"",""68"",""54"",""77"",""97"",""65"",""89"",""11"",""08"",""45"",""02"",""86"",""31"",""20"",""73"",""33"",""96""]","{""1"":false,""5"":false,""10"":false,""20"":false}","0.9899999999999994","4.605170185988091","0.01"
"2026-04-01","2026-03-16","frequency","holdout","47","[""91"",""06"",""61"",""58"",""89"",""31"",""87"",""16"",""51"",""79"",""46"",""32"",""63"",""99"",""09"",""85"",""50"",""37"",""21"",""54""]","{""1"":false,""5"":false,""10"":false,""20"":false}","0.9895623862874653","4.483002552013884","0.011299435028248588"
"2026-04-01","2026-03-16","recent","holdout","47","[""06"",""58"",""77"",""02"",""31"",""20"",""87"",""16"",""52"",""07"",""64"",""22"",""91"",""63"",""48"",""26"",""50"",""37"",""61"",""75""]","{""1"":false,""5"":false,""10"":false,""20"":false}","0.9945833333333343","4.787491742782046","0.008333333333333333"
"2026-04-01","2026-03-16","decay","holdout","47","[""06"",""87"",""61"",""37"",""50"",""64"",""16"",""07"",""48"",""02"",""31"",""91"",""52"",""22"",""51"",""63"",""32"",""58"",""77"",""85""]","{""1"":false,""5"":false,""10"":false,""20"":false}","0.9940244846917813","4.775018104980696","0.00843793131748497"
"2026-04-01","2026-03-16","position","holdout","47","[""61"",""51"",""31"",""66"",""91"",""01"",""56"",""67"",""69"",""41"",""81"",""21"",""57"",""59"",""36"",""62"",""60"",""39"",""37"",""96""]","{""1"":false,""5"":false,""10"":false,""20"":false}","0.9902807239848667","4.549789602635286","0.010569427929713304"
"2026-04-01","2026-03-16","markov","holdout","47","[""97"",""41"",""91"",""43"",""92"",""42"",""47"",""93"",""11"",""02"",""31"",""33"",""27"",""12"",""83"",""67"",""87"",""03"",""07"",""17""]","{""1"":false,""5"":false,""10"":true,""20"":true}","0.969489795918368","3.8430301339411947","0.021428571428571425"
"2026-04-01","2026-03-16","sum","holdout","47","[""99"",""73"",""64"",""91"",""28"",""46"",""19"",""82"",""55"",""37"",""33"",""51"",""15"",""06"",""24"",""42"",""60"",""58"",""89"",""67""]","{""1"":false,""5"":false,""10"":false,""20"":false}","0.993350650824557","4.770684624465665","0.00847457627118644"
"2026-04-01","2026-03-16","ensemble","holdout","47","[""61"",""91"",""51"",""06"",""99"",""31"",""37"",""21"",""50"",""46"",""32"",""89"",""67"",""09"",""58"",""87"",""60"",""63"",""66"",""52""]","{""1"":false,""5"":false,""10"":false,""20"":false}","0.9904255076296019","4.593787243886948","0.010114479743049444"
"2026-04-01","2026-03-16","fixed","holdout","47","[""00"",""01"",""02"",""03"",""04"",""05"",""06"",""07"",""08"",""09"",""10"",""11"",""12"",""13"",""14"",""15"",""16"",""17"",""18"",""19""]","{""1"":false,""5"":false,""10"":false,""20"":false}","0.9899999999999994","4.605170185988091","0.01"
"2026-04-01","2026-03-16","random1","holdout","47","[""26"",""55"",""21"",""50"",""92"",""88"",""11"",""57"",""89"",""32"",""62"",""35"",""73"",""47"",""42"",""24"",""59"",""00"",""90"",""41""]","{""1"":false,""5"":false,""10"":false,""20"":true}","0.9899999999999994","4.605170185988091","0.01"
"2026-04-01","2026-03-16","random2","holdout","47","[""11"",""78"",""18"",""42"",""87"",""27"",""32"",""81"",""96"",""07"",""06"",""03"",""85"",""73"",""44"",""89"",""46"",""53"",""17"",""01""]","{""1"":false,""5"":false,""10"":false,""20"":false}","0.9899999999999994","4.605170185988091","0.01"
"2026-04-01","2026-03-16","random3","holdout","47","[""28"",""81"",""16"",""89"",""31"",""67"",""06"",""01"",""47"",""32"",""56"",""75"",""74"",""90"",""36"",""97"",""85"",""93"",""11"",""82""]","{""1"":false,""5"":false,""10"":true,""20"":true}","0.9899999999999994","4.605170185988091","0.01"
"2026-04-16","2026-04-01","uniform","holdout","77","[""75"",""88"",""56"",""58"",""68"",""54"",""77"",""97"",""65"",""89"",""11"",""08"",""45"",""02"",""86"",""31"",""20"",""73"",""33"",""96""]","{""1"":false,""5"":false,""10"":true,""20"":true}","0.9899999999999998","4.605170185988091","0.01"
"2026-04-16","2026-04-01","frequency","holdout","77","[""91"",""06"",""61"",""58"",""89"",""31"",""87"",""16"",""51"",""79"",""46"",""32"",""63"",""99"",""09"",""85"",""47"",""50"",""37"",""21""]","{""1"":false,""5"":false,""10"":false,""20"":false}","0.9897108950890032","4.48863636973214","0.011235955056179775"
"2026-04-16","2026-04-01","recent","holdout","77","[""06"",""58"",""77"",""02"",""31"",""87"",""16"",""52"",""07"",""64"",""22"",""91"",""63"",""48"",""47"",""26"",""50"",""37"",""61"",""75""]","{""1"":false,""5"":true,""10"":true,""20"":true}","0.9779166666666669","4.0943445622221","0.016666666666666666"
"2026-04-16","2026-04-01","decay","holdout","77","[""06"",""87"",""61"",""47"",""37"",""50"",""64"",""16"",""07"",""48"",""02"",""31"",""91"",""52"",""22"",""51"",""63"",""32"",""58"",""77""]","{""1"":false,""5"":false,""10"":false,""20"":true}","0.9848186919874885","4.340586227761271","0.01302888806834273"
"2026-04-16","2026-04-01","position","holdout","77","[""61"",""51"",""31"",""67"",""66"",""41"",""91"",""01"",""56"",""57"",""69"",""81"",""21"",""59"",""37"",""36"",""62"",""60"",""39"",""97""]","{""1"":false,""5"":false,""10"":false,""20"":false}","0.9915404381317876","4.610868207102729","0.009943181818181818"
"2026-04-16","2026-04-01","markov","holdout","77","[""62"",""60"",""61"",""02"",""31"",""20"",""67"",""70"",""00"",""22"",""91"",""72"",""32"",""01"",""90"",""92"",""69"",""71"",""30"",""66""]","{""1"":false,""5"":false,""10"":false,""20"":false}","0.9888334020262821","4.391357962102766","0.012383900928792569"
"2026-04-16","2026-04-01","sum","holdout","77","[""99"",""73"",""64"",""91"",""28"",""46"",""19"",""82"",""55"",""37"",""58"",""89"",""33"",""67"",""70"",""94"",""16"",""52"",""51"",""41""]","{""1"":false,""5"":false,""10"":false,""20"":false}","0.9945526934630262","4.845311313670872","0.007865168539325843"
"2026-04-16","2026-04-01","ensemble","holdout","77","[""61"",""91"",""51"",""06"",""99"",""31"",""37"",""46"",""21"",""50"",""32"",""67"",""47"",""89"",""87"",""58"",""09"",""60"",""63"",""66""]","{""1"":false,""5"":false,""10"":false,""20"":false}","0.9912887821706536","4.637545130635702","0.009681435137895811"
"2026-04-16","2026-04-01","fixed","holdout","77","[""00"",""01"",""02"",""03"",""04"",""05"",""06"",""07"",""08"",""09"",""10"",""11"",""12"",""13"",""14"",""15"",""16"",""17"",""18"",""19""]","{""1"":false,""5"":false,""10"":false,""20"":false}","0.9899999999999998","4.605170185988091","0.01"
"2026-04-16","2026-04-01","random1","holdout","77","[""61"",""24"",""72"",""29"",""74"",""17"",""00"",""06"",""96"",""22"",""44"",""19"",""08"",""55"",""21"",""02"",""69"",""52"",""67"",""93""]","{""1"":false,""5"":false,""10"":false,""20"":false}","0.9899999999999998","4.605170185988091","0.01"
"2026-04-16","2026-04-01","random2","holdout","77","[""56"",""72"",""04"",""44"",""57"",""86"",""00"",""28"",""49"",""34"",""66"",""37"",""32"",""07"",""81"",""12"",""98"",""85"",""48"",""76""]","{""1"":false,""5"":false,""10"":false,""20"":false}","0.9899999999999998","4.605170185988091","0.01"
"2026-04-16","2026-04-01","random3","holdout","77","[""18"",""90"",""44"",""35"",""65"",""93"",""26"",""05"",""07"",""78"",""87"",""03"",""38"",""60"",""20"",""66"",""29"",""39"",""02"",""61""]","{""1"":false,""5"":false,""10"":false,""20"":false}","0.9899999999999998","4.605170185988091","0.01"
"2026-05-02","2026-04-16","uniform","holdout","43","[""75"",""88"",""56"",""58"",""68"",""54"",""77"",""97"",""65"",""89"",""11"",""08"",""45"",""02"",""86"",""31"",""20"",""73"",""33"",""96""]","{""1"":false,""5"":false,""10"":false,""20"":false}","0.9899999999999993","4.605170185988091","0.01"
"2026-05-02","2026-04-16","frequency","holdout","43","[""91"",""06"",""61"",""58"",""77"",""89"",""31"",""87"",""16"",""51"",""79"",""46"",""32"",""63"",""99"",""09"",""85"",""47"",""50"",""37""]","{""1"":false,""5"":false,""10"":false,""20"":false}","0.9898567460441303","4.4942386252808095","0.0111731843575419"
"2026-05-02","2026-04-16","recent","holdout","43","[""77"",""58"",""02"",""31"",""87"",""16"",""52"",""07"",""64"",""22"",""91"",""63"",""48"",""06"",""47"",""26"",""50"",""37"",""61"",""75""]","{""1"":false,""5"":false,""10"":false,""20"":false}","0.9945833333333343","4.787491742782046","0.008333333333333333"
"2026-05-02","2026-04-16","decay","holdout","43","[""06"",""77"",""87"",""61"",""47"",""37"",""50"",""64"",""16"",""07"",""48"",""02"",""31"",""91"",""52"",""22"",""51"",""63"",""32"",""58""]","{""1"":false,""5"":false,""10"":false,""20"":false}","0.9926440707032607","4.695113006516998","0.00913983444867092"
"2026-05-02","2026-04-16","position","holdout","43","[""61"",""51"",""67"",""31"",""57"",""66"",""41"",""91"",""01"",""56"",""69"",""37"",""81"",""71"",""21"",""59"",""36"",""97"",""07"",""62""]","{""1"":false,""5"":false,""10"":false,""20"":false}","0.9977918703923884","4.988288692900006","0.00681732104532256"
"2026-05-02","2026-04-16","markov","holdout","43","[""97"",""67"",""91"",""90"",""62"",""92"",""60"",""61"",""96"",""99"",""69"",""66"",""77"",""11"",""12"",""70"",""17"",""72"",""10"",""71""]","{""1"":false,""5"":false,""10"":false,""20"":false}","1.0087499999999976","5.768320995793772","0.003125"
"2026-05-02","2026-04-16","sum","holdout","43","[""99"",""73"",""64"",""91"",""28"",""46"",""19"",""82"",""55"",""37"",""58"",""89"",""33"",""67"",""70"",""94"",""16"",""52"",""51"",""41""]","{""1"":false,""5"":false,""10"":false,""20"":false}","0.9879157186006218","4.4942386252808095","0.0111731843575419"
"2026-05-02","2026-04-16","ensemble","holdout","43","[""61"",""91"",""51"",""06"",""99"",""37"",""31"",""46"",""21"",""67"",""50"",""47"",""32"",""87"",""89"",""77"",""58"",""09"",""79"",""07""]","{""1"":false,""5"":false,""10"":false,""20"":false}","0.9912036405523722","4.633443133521307","0.009721229920135454"
"2026-05-02","2026-04-16","fixed","holdout","43","[""00"",""01"",""02"",""03"",""04"",""05"",""06"",""07"",""08"",""09"",""10"",""11"",""12"",""13"",""14"",""15"",""16"",""17"",""18"",""19""]","{""1"":false,""5"":false,""10"":false,""20"":false}","0.9899999999999993","4.605170185988091","0.01"
"2026-05-02","2026-04-16","random1","holdout","43","[""17"",""52"",""14"",""15"",""48"",""11"",""72"",""65"",""37"",""97"",""55"",""13"",""87"",""66"",""79"",""60"",""08"",""47"",""43"",""70""]","{""1"":false,""5"":false,""10"":false,""20"":true}","0.9899999999999993","4.605170185988091","0.01"
"2026-05-02","2026-04-16","random2","holdout","43","[""53"",""99"",""33"",""85"",""20"",""68"",""66"",""21"",""40"",""98"",""11"",""82"",""81"",""71"",""88"",""41"",""54"",""59"",""03"",""28""]","{""1"":false,""5"":false,""10"":false,""20"":false}","0.9899999999999993","4.605170185988091","0.01"
"2026-05-02","2026-04-16","random3","holdout","43","[""22"",""56"",""97"",""50"",""37"",""76"",""68"",""07"",""02"",""74"",""30"",""54"",""83"",""71"",""15"",""19"",""62"",""39"",""59"",""86""]","{""1"":false,""5"":false,""10"":false,""20"":false}","0.9899999999999993","4.605170185988091","0.01"
"2026-05-16","2026-05-02","uniform","holdout","08","[""75"",""88"",""56"",""58"",""68"",""54"",""77"",""97"",""65"",""89"",""11"",""08"",""45"",""02"",""86"",""31"",""20"",""73"",""33"",""96""]","{""1"":false,""5"":false,""10"":false,""20"":true}","0.989999999999999","4.605170185988091","0.01"
"2026-05-16","2026-05-02","frequency","holdout","08","[""91"",""06"",""61"",""58"",""77"",""89"",""31"",""87"",""16"",""51"",""79"",""46"",""32"",""63"",""99"",""09"",""85"",""43"",""47"",""50""]","{""1"":false,""5"":false,""10"":false,""20"":false}","1.001111111111112","5.19295685089021","0.005555555555555556"
"2026-05-16","2026-05-02","recent","holdout","08","[""77"",""58"",""02"",""31"",""87"",""16"",""52"",""07"",""64"",""22"",""63"",""43"",""48"",""06"",""47"",""26"",""50"",""37"",""61"",""75""]","{""1"":false,""5"":false,""10"":false,""20"":false}","0.9945833333333348","4.787491742782046","0.008333333333333333"
"2026-05-16","2026-05-02","decay","holdout","08","[""06"",""77"",""43"",""87"",""61"",""47"",""37"",""50"",""64"",""16"",""07"",""48"",""02"",""31"",""91"",""52"",""22"",""51"",""63"",""32""]","{""1"":false,""5"":false,""10"":false,""20"":false}","0.9952252898425872","4.848288816932746","0.007841784804194389"
"2026-05-16","2026-05-02","position","holdout","08","[""61"",""51"",""67"",""31"",""41"",""57"",""66"",""91"",""01"",""56"",""69"",""47"",""37"",""81"",""71"",""21"",""46"",""59"",""36"",""97""]","{""1"":false,""5"":false,""10"":false,""20"":false}","0.9957903978052124","4.8564846142689975","0.007777777777777778"
"2026-05-16","2026-05-02","markov","holdout","08","[""79"",""69"",""71"",""61"",""31"",""39"",""91"",""99"",""09"",""01"",""21"",""29"",""64"",""74"",""94"",""34"",""24"",""04"",""89"",""11""]","{""1"":false,""5"":false,""10"":false,""20"":false}","1.0003017832647478","4.90527477843843","0.007407407407407407"
"2026-05-16","2026-05-02","sum","holdout","08","[""99"",""73"",""64"",""91"",""28"",""46"",""19"",""82"",""55"",""37"",""70"",""16"",""52"",""07"",""34"",""43"",""25"",""61"",""58"",""89""]","{""1"":false,""5"":false,""10"":false,""20"":false}","0.9917571771506962","4.68213122712422","0.009259259259259259"
"2026-05-16","2026-05-02","ensemble","holdout","08","[""61"",""91"",""51"",""06"",""99"",""37"",""31"",""46"",""47"",""21"",""67"",""50"",""32"",""87"",""89"",""77"",""58"",""09"",""43"",""63""]","{""1"":false,""5"":false,""10"":false,""20"":false}","0.9955745779534189","4.888745476487219","0.007530864197530865"
"2026-05-16","2026-05-02","fixed","holdout","08","[""00"",""01"",""02"",""03"",""04"",""05"",""06"",""07"",""08"",""09"",""10"",""11"",""12"",""13"",""14"",""15"",""16"",""17"",""18"",""19""]","{""1"":false,""5"":false,""10"":true,""20"":true}","0.989999999999999","4.605170185988091","0.01"
"2026-05-16","2026-05-02","random1","holdout","08","[""10"",""33"",""28"",""53"",""02"",""80"",""49"",""39"",""44"",""27"",""84"",""35"",""68"",""79"",""47"",""40"",""18"",""57"",""87"",""51""]","{""1"":false,""5"":false,""10"":false,""20"":false}","0.989999999999999","4.605170185988091","0.01"
"2026-05-16","2026-05-02","random2","holdout","08","[""89"",""56"",""16"",""31"",""00"",""95"",""96"",""48"",""84"",""64"",""99"",""83"",""20"",""26"",""65"",""70"",""77"",""01"",""97"",""68""]","{""1"":false,""5"":false,""10"":false,""20"":false}","0.989999999999999","4.605170185988091","0.01"
"2026-05-16","2026-05-02","random3","holdout","08","[""37"",""53"",""47"",""09"",""45"",""16"",""96"",""94"",""85"",""65"",""04"",""60"",""19"",""49"",""81"",""26"",""27"",""39"",""68"",""41""]","{""1"":false,""5"":false,""10"":false,""20"":false}","0.989999999999999","4.605170185988091","0.01"
"2026-06-01","2026-05-16","uniform","holdout","95","[""75"",""88"",""56"",""58"",""68"",""54"",""77"",""97"",""65"",""89"",""11"",""08"",""45"",""02"",""86"",""31"",""20"",""73"",""33"",""96""]","{""1"":false,""5"":false,""10"":false,""20"":false}","0.9899999999999999","4.605170185988091","0.01"
"2026-06-01","2026-05-16","frequency","holdout","95","[""91"",""06"",""61"",""58"",""77"",""89"",""31"",""87"",""16"",""51"",""79"",""46"",""32"",""63"",""99"",""09"",""85"",""43"",""47"",""50""]","{""1"":false,""5"":false,""10"":false,""20"":false}","1.0011293916547113","5.198497031265826","0.0055248618784530384"
"2026-06-01","2026-05-16","recent","holdout","95","[""77"",""58"",""08"",""02"",""31"",""87"",""16"",""52"",""07"",""64"",""22"",""63"",""43"",""48"",""06"",""47"",""50"",""37"",""61"",""75""]","{""1"":false,""5"":false,""10"":false,""20"":false}","0.9945833333333335","4.787491742782046","0.008333333333333333"
"2026-06-01","2026-05-16","decay","holdout","95","[""06"",""77"",""43"",""87"",""61"",""08"",""47"",""37"",""50"",""64"",""16"",""07"",""48"",""02"",""31"",""91"",""52"",""22"",""51"",""63""]","{""1"":false,""5"":false,""10"":false,""20"":false}","0.9951994340968261","4.8487788084175705","0.00783794333763431"
"2026-06-01","2026-05-16","position","holdout","95","[""61"",""51"",""67"",""31"",""41"",""01"",""57"",""66"",""91"",""56"",""07"",""69"",""47"",""37"",""81"",""71"",""21"",""46"",""06"",""59""]","{""1"":false,""5"":false,""10"":false,""20"":false}","1.000420284599214","5.215056523263381","0.005434126313247192"
"2026-06-01","2026-05-16","markov","holdout","95","[""47"",""37"",""97"",""67"",""87"",""07"",""31"",""44"",""41"",""34"",""40"",""30"",""77"",""27"",""94"",""64"",""17"",""00"",""81"",""91""]","{""1"":false,""5"":false,""10"":false,""20"":false}","1.0016878858024694","4.969813299576001","0.006944444444444444"
"2026-06-01","2026-05-16","sum","holdout","95","[""99"",""73"",""64"",""91"",""28"",""46"",""19"",""82"",""55"",""37"",""70"",""16"",""52"",""07"",""34"",""43"",""25"",""61"",""58"",""89""]","{""1"":false,""5"":false,""10"":false,""20"":false}","0.9925880462784098","4.72849340202009","0.00883977900552486"
"2026-06-01","2026-05-16","ensemble","holdout","95","[""61"",""91"",""06"",""51"",""99"",""37"",""31"",""46"",""47"",""21"",""50"",""67"",""32"",""58"",""09"",""87"",""89"",""07"",""77"",""43""]","{""1"":false,""5"":false,""10"":false,""20"":false}","0.9974158094069564","5.020747894654574","0.006599589065741697"
"2026-06-01","2026-05-16","fixed","holdout","95","[""00"",""01"",""02"",""03"",""04"",""05"",""06"",""07"",""08"",""09"",""10"",""11"",""12"",""13"",""14"",""15"",""16"",""17"",""18"",""19""]","{""1"":false,""5"":false,""10"":false,""20"":false}","0.9899999999999999","4.605170185988091","0.01"
"2026-06-01","2026-05-16","random1","holdout","95","[""32"",""80"",""45"",""13"",""06"",""39"",""76"",""52"",""42"",""02"",""10"",""22"",""58"",""40"",""12"",""54"",""82"",""19"",""86"",""07""]","{""1"":false,""5"":false,""10"":false,""20"":false}","0.9899999999999999","4.605170185988091","0.01"
"2026-06-01","2026-05-16","random2","holdout","95","[""14"",""85"",""71"",""35"",""87"",""11"",""29"",""80"",""88"",""32"",""93"",""61"",""13"",""50"",""75"",""02"",""76"",""08"",""74"",""01""]","{""1"":false,""5"":false,""10"":false,""20"":false}","0.9899999999999999","4.605170185988091","0.01"
"2026-06-01","2026-05-16","random3","holdout","95","[""51"",""45"",""55"",""62"",""91"",""90"",""08"",""07"",""54"",""38"",""49"",""86"",""26"",""67"",""35"",""16"",""19"",""83"",""82"",""97""]","{""1"":false,""5"":false,""10"":false,""20"":false}","0.9899999999999999","4.605170185988091","0.01"
"2026-06-16","2026-06-01","uniform","holdout","48","[""75"",""88"",""56"",""58"",""68"",""54"",""77"",""97"",""65"",""89"",""11"",""08"",""45"",""02"",""86"",""31"",""20"",""73"",""33"",""96""]","{""1"":false,""5"":false,""10"":false,""20"":false}","0.9899999999999994","4.605170185988091","0.01"
"2026-06-16","2026-06-01","frequency","holdout","48","[""91"",""06"",""61"",""58"",""77"",""89"",""31"",""87"",""16"",""51"",""79"",""46"",""32"",""63"",""99"",""09"",""85"",""43"",""47"",""50""]","{""1"":false,""5"":false,""10"":false,""20"":false}","0.9901581934548961","4.51085950651685","0.01098901098901099"
"2026-06-16","2026-06-01","recent","holdout","48","[""77"",""58"",""08"",""02"",""31"",""87"",""16"",""52"",""07"",""64"",""22"",""63"",""95"",""43"",""48"",""06"",""47"",""37"",""61"",""75""]","{""1"":false,""5"":false,""10"":false,""20"":true}","0.9779166666666673","4.0943445622221","0.016666666666666666"
"2026-06-16","2026-06-01","decay","holdout","48","[""06"",""77"",""43"",""87"",""61"",""95"",""08"",""47"",""37"",""50"",""64"",""16"",""07"",""48"",""02"",""31"",""91"",""52"",""22"",""51""]","{""1"":false,""5"":false,""10"":false,""20"":true}","0.9833010312691285","4.285155697608587","0.01377147716830171"
"2026-06-16","2026-06-01","position","holdout","48","[""61"",""51"",""67"",""31"",""41"",""91"",""01"",""57"",""66"",""56"",""97"",""07"",""69"",""47"",""37"",""81"",""71"",""21"",""96"",""46""]","{""1"":false,""5"":false,""10"":false,""20"":false}","0.9922754126450382","4.661550519424199","0.00945179584120983"
"2026-06-16","2026-06-01","markov","holdout","48","[""89"",""79"",""86"",""73"",""83"",""39"",""76"",""09"",""49"",""29"",""33"",""03"",""46"",""43"",""06"",""26"",""36"",""23"",""75"",""88""]","{""1"":false,""5"":false,""10"":false,""20"":false}","0.9984882842025689","4.836281906951478","0.007936507936507936"
"2026-06-16","2026-06-01","sum","holdout","48","[""99"",""73"",""64"",""91"",""28"",""46"",""19"",""82"",""55"",""37"",""70"",""16"",""52"",""07"",""34"",""43"",""25"",""61"",""58"",""89""]","{""1"":false,""5"":false,""10"":false,""20"":false}","0.996128999641558","4.9526922587958895","0.0070643642072213495"
"2026-06-16","2026-06-01","ensemble","holdout","48","[""61"",""91"",""06"",""51"",""99"",""37"",""31"",""46"",""47"",""21"",""50"",""67"",""32"",""58"",""77"",""09"",""87"",""89"",""07"",""43""]","{""1"":false,""5"":false,""10"":false,""20"":false}","0.9922497929027804","4.691993542929429","0.009168390345814056"
"2026-06-16","2026-06-01","fixed","holdout","48","[""00"",""01"",""02"",""03"",""04"",""05"",""06"",""07"",""08"",""09"",""10"",""11"",""12"",""13"",""14"",""15"",""16"",""17"",""18"",""19""]","{""1"":false,""5"":false,""10"":false,""20"":false}","0.9899999999999994","4.605170185988091","0.01"
"2026-06-16","2026-06-01","random1","holdout","48","[""36"",""07"",""41"",""61"",""69"",""14"",""77"",""57"",""87"",""08"",""18"",""96"",""34"",""30"",""64"",""25"",""93"",""67"",""39"",""28""]","{""1"":false,""5"":false,""10"":false,""20"":false}","0.9899999999999994","4.605170185988091","0.01"
"2026-06-16","2026-06-01","random2","holdout","48","[""04"",""00"",""48"",""52"",""53"",""92"",""62"",""18"",""63"",""94"",""68"",""46"",""19"",""70"",""13"",""01"",""42"",""05"",""66"",""26""]","{""1"":false,""5"":true,""10"":true,""20"":true}","0.9899999999999994","4.605170185988091","0.01"
"2026-06-16","2026-06-01","random3","holdout","48","[""40"",""62"",""64"",""24"",""88"",""12"",""70"",""57"",""90"",""69"",""06"",""49"",""50"",""77"",""66"",""29"",""01"",""34"",""93"",""52""]","{""1"":false,""5"":false,""10"":false,""20"":false}","0.9899999999999994","4.605170185988091","0.01"
"2026-07-01","2026-06-16","uniform","holdout","62","[""75"",""88"",""56"",""58"",""68"",""54"",""77"",""97"",""65"",""89"",""11"",""08"",""45"",""02"",""86"",""31"",""20"",""73"",""33"",""96""]","{""1"":false,""5"":false,""10"":false,""20"":false}","0.9899999999999995","4.605170185988091","0.01"
"2026-07-01","2026-06-16","frequency","holdout","62","[""91"",""06"",""61"",""58"",""77"",""89"",""31"",""87"",""16"",""51"",""79"",""46"",""32"",""63"",""99"",""09"",""85"",""43"",""48"",""47""]","{""1"":false,""5"":false,""10"":false,""20"":false}","0.9902953208516234","4.516338972281476","0.01092896174863388"
"2026-07-01","2026-06-16","recent","holdout","62","[""77"",""48"",""58"",""08"",""02"",""31"",""87"",""16"",""52"",""07"",""64"",""22"",""95"",""43"",""06"",""47"",""37"",""61"",""75"",""88""]","{""1"":false,""5"":false,""10"":false,""20"":false}","0.9947222222222227","4.787491742782046","0.008333333333333333"
"2026-07-01","2026-06-16","decay","holdout","62","[""48"",""06"",""77"",""43"",""87"",""61"",""95"",""08"",""47"",""37"",""50"",""64"",""16"",""07"",""02"",""31"",""91"",""52"",""22"",""51""]","{""1"":false,""5"":false,""10"":false,""20"":false}","0.9938100694846707","4.7621508228718215","0.008547206087119808"
"2026-07-01","2026-06-16","position","holdout","62","[""61"",""51"",""41"",""67"",""31"",""91"",""01"",""57"",""47"",""66"",""56"",""46"",""97"",""07"",""69"",""37"",""81"",""71"",""21"",""96""]","{""1"":false,""5"":false,""10"":false,""20"":false}","0.9861920162476404","4.383067759182293","0.012486992715920915"
"2026-07-01","2026-06-16","markov","holdout","62","[""77"",""67"",""07"",""97"",""27"",""37"",""75"",""65"",""70"",""64"",""00"",""05"",""01"",""71"",""04"",""74"",""60"",""61"",""31"",""20""]","{""1"":false,""5"":false,""10"":false,""20"":false}","0.9966739832644808","4.679040034554546","0.009287925696594427"
"2026-07-01","2026-06-16","sum","holdout","62","[""99"",""73"",""64"",""91"",""28"",""46"",""19"",""82"",""55"",""37"",""70"",""16"",""52"",""07"",""34"",""43"",""25"",""61"",""58"",""89""]","{""1"":false,""5"":false,""10"":false,""20"":false}","0.9907977127765717","4.634122007937859","0.009714632665452338"
"2026-07-01","2026-06-16","ensemble","holdout","62","[""61"",""91"",""06"",""51"",""99"",""46"",""37"",""31"",""47"",""21"",""58"",""50"",""67"",""32"",""77"",""09"",""87"",""43"",""89"",""07""]","{""1"":false,""5"":false,""10"":false,""20"":false}","0.9884883137716306","4.505910629491034","0.011043529043335712"
"2026-07-01","2026-06-16","fixed","holdout","62","[""00"",""01"",""02"",""03"",""04"",""05"",""06"",""07"",""08"",""09"",""10"",""11"",""12"",""13"",""14"",""15"",""16"",""17"",""18"",""19""]","{""1"":false,""5"":false,""10"":false,""20"":false}","0.9899999999999995","4.605170185988091","0.01"
"2026-07-01","2026-06-16","random1","holdout","62","[""54"",""86"",""46"",""31"",""40"",""62"",""26"",""17"",""50"",""97"",""04"",""20"",""43"",""68"",""23"",""49"",""89"",""80"",""02"",""75""]","{""1"":false,""5"":false,""10"":true,""20"":true}","0.9899999999999995","4.605170185988091","0.01"
"2026-07-01","2026-06-16","random2","holdout","62","[""46"",""91"",""38"",""09"",""17"",""90"",""07"",""69"",""82"",""77"",""27"",""70"",""55"",""41"",""50"",""32"",""28"",""24"",""22"",""80""]","{""1"":false,""5"":false,""10"":false,""20"":false}","0.9899999999999995","4.605170185988091","0.01"
"2026-07-01","2026-06-16","random3","holdout","62","[""59"",""25"",""90"",""01"",""21"",""93"",""99"",""94"",""54"",""46"",""23"",""43"",""70"",""67"",""26"",""82"",""72"",""50"",""83"",""56""]","{""1"":false,""5"":false,""10"":false,""20"":false}","0.9899999999999995","4.605170185988091","0.01"
"2026-07-16","2026-07-01","uniform","holdout","71","[""75"",""88"",""56"",""58"",""68"",""54"",""77"",""97"",""65"",""89"",""11"",""08"",""45"",""02"",""86"",""31"",""20"",""73"",""33"",""96""]","{""1"":false,""5"":false,""10"":false,""20"":false}","0.9899999999999997","4.605170185988091","0.01"
"2026-07-16","2026-07-01","frequency","holdout","71","[""91"",""06"",""61"",""58"",""77"",""89"",""31"",""87"",""16"",""51"",""79"",""46"",""32"",""63"",""99"",""09"",""85"",""62"",""43"",""48""]","{""1"":false,""5"":false,""10"":false,""20"":false}","0.9904300567107751","4.5217885770490405","0.010869565217391304"
"2026-07-16","2026-07-01","recent","holdout","71","[""77"",""48"",""58"",""08"",""02"",""87"",""16"",""52"",""07"",""64"",""22"",""62"",""95"",""43"",""06"",""47"",""37"",""61"",""75"",""88""]","{""1"":false,""5"":false,""10"":false,""20"":false}","0.9947222222222226","4.787491742782046","0.008333333333333333"
"2026-07-16","2026-07-01","decay","holdout","71","[""48"",""06"",""77"",""62"",""43"",""87"",""61"",""95"",""08"",""47"",""37"",""50"",""64"",""16"",""07"",""02"",""31"",""91"",""52"",""22""]","{""1"":false,""5"":false,""10"":false,""20"":false}","0.9941035613431446","4.780816065356702","0.008389150078549786"
"2026-07-16","2026-07-01","position","holdout","71","[""61"",""67"",""51"",""41"",""66"",""31"",""91"",""01"",""57"",""47"",""62"",""69"",""56"",""46"",""97"",""07"",""37"",""68"",""60"",""81""]","{""1"":false,""5"":false,""10"":false,""20"":false}","0.9858695681131617","4.3680906932449135","0.012675418741511995"
"2026-07-16","2026-07-01","markov","holdout","71","[""46"",""48"",""96"",""98"",""41"",""40"",""42"",""47"",""88"",""68"",""97"",""08"",""86"",""16"",""38"",""91"",""28"",""90"",""92"",""06""]","{""1"":false,""5"":false,""10"":false,""20"":false}","1.0029814394893766","5.241747015059643","0.005291005291005291"
"2026-07-16","2026-07-01","sum","holdout","71","[""99"",""73"",""64"",""91"",""28"",""46"",""19"",""82"",""55"",""37"",""70"",""16"",""52"",""07"",""34"",""43"",""25"",""61"",""33"",""51""]","{""1"":false,""5"":false,""10"":false,""20"":false}","0.9896930182359641","4.578946990888989","0.010265700483091786"
"2026-07-16","2026-07-01","ensemble","holdout","71","[""61"",""91"",""06"",""51"",""99"",""46"",""37"",""62"",""31"",""47"",""67"",""32"",""21"",""58"",""50"",""77"",""09"",""87"",""43"",""89""]","{""1"":false,""5"":false,""10"":false,""20"":false}","0.9880491043485429","4.485590707361468","0.011270228147331696"
"2026-07-16","2026-07-01","fixed","holdout","71","[""00"",""01"",""02"",""03"",""04"",""05"",""06"",""07"",""08"",""09"",""10"",""11"",""12"",""13"",""14"",""15"",""16"",""17"",""18"",""19""]","{""1"":false,""5"":false,""10"":false,""20"":false}","0.9899999999999997","4.605170185988091","0.01"
"2026-07-16","2026-07-01","random1","holdout","71","[""71"",""60"",""12"",""03"",""05"",""14"",""96"",""10"",""19"",""78"",""62"",""43"",""27"",""88"",""91"",""36"",""68"",""28"",""69"",""99""]","{""1"":true,""5"":true,""10"":true,""20"":true}","0.9899999999999997","4.605170185988091","0.01"
"2026-07-16","2026-07-01","random2","holdout","71","[""34"",""93"",""17"",""31"",""21"",""24"",""78"",""58"",""92"",""84"",""81"",""85"",""77"",""95"",""42"",""50"",""10"",""20"",""97"",""08""]","{""1"":false,""5"":false,""10"":false,""20"":false}","0.9899999999999997","4.605170185988091","0.01"
"2026-07-16","2026-07-01","random3","holdout","71","[""65"",""36"",""32"",""83"",""53"",""13"",""41"",""48"",""63"",""60"",""17"",""16"",""07"",""02"",""81"",""42"",""49"",""35"",""03"",""79""]","{""1"":false,""5"":false,""10"":false,""20"":false}","0.9899999999999997","4.605170185988091","0.01"
"2026-08-01","2026-07-16","uniform","holdout","69","[""75"",""88"",""56"",""58"",""68"",""54"",""77"",""97"",""65"",""89"",""11"",""08"",""45"",""02"",""86"",""31"",""20"",""73"",""33"",""96""]","{""1"":false,""5"":false,""10"":false,""20"":false}","0.9899999999999997","4.605170185988091","0.01"
"2026-08-01","2026-07-16","frequency","holdout","69","[""91"",""06"",""61"",""58"",""77"",""89"",""31"",""87"",""16"",""51"",""79"",""46"",""32"",""63"",""99"",""09"",""85"",""62"",""43"",""48""]","{""1"":false,""5"":false,""10"":false,""20"":false}","1.001373265157048","5.220355825078324","0.005405405405405406"
"2026-08-01","2026-07-16","recent","holdout","69","[""77"",""48"",""08"",""02"",""87"",""16"",""52"",""07"",""64"",""22"",""62"",""95"",""43"",""06"",""47"",""71"",""37"",""61"",""75"",""88""]","{""1"":false,""5"":false,""10"":false,""20"":false}","0.9947222222222227","4.787491742782046","0.008333333333333333"
"2026-08-01","2026-07-16","decay","holdout","69","[""48"",""06"",""77"",""71"",""62"",""43"",""87"",""61"",""95"",""08"",""47"",""37"",""50"",""64"",""16"",""07"",""02"",""31"",""91"",""52""]","{""1"":false,""5"":false,""10"":false,""20"":false}","0.9952106203780818","4.850575399205189","0.007823874402683742"
"2026-08-01","2026-07-16","position","holdout","69","[""61"",""51"",""41"",""67"",""31"",""91"",""01"",""66"",""71"",""57"",""47"",""62"",""69"",""56"",""46"",""97"",""07"",""81"",""37"",""21""]","{""1"":false,""5"":false,""10"":false,""20"":true}","0.9824799993861308","4.240219332745499","0.014404432132963989"
"2026-08-01","2026-07-16","markov","holdout","69","[""96"",""66"",""65"",""91"",""99"",""95"",""69"",""61"",""16"",""76"",""46"",""68"",""97"",""67"",""63"",""90"",""60"",""93"",""98"",""75""]","{""1"":false,""5"":false,""10"":true,""20"":true}","0.967929304491729","3.7714829826491463","0.023017902813299233"
"2026-08-01","2026-07-16","sum","holdout","69","[""99"",""73"",""64"",""91"",""28"",""46"",""19"",""82"",""55"",""37"",""70"",""16"",""52"",""07"",""34"",""43"",""25"",""61"",""58"",""89""]","{""1"":false,""5"":false,""10"":false,""20"":false}","0.9913088919034865","4.660740037142902","0.00945945945945946"
"2026-08-01","2026-07-16","ensemble","holdout","69","[""61"",""91"",""51"",""06"",""99"",""71"",""46"",""37"",""31"",""62"",""47"",""21"",""67"",""32"",""58"",""50"",""77"",""09"",""87"",""43""]","{""1"":false,""5"":false,""10"":false,""20"":false}","0.9910953980631438","4.629828485074692","0.009756432332609618"
"2026-08-01","2026-07-16","fixed","holdout","69","[""00"",""01"",""02"",""03"",""04"",""05"",""06"",""07"",""08"",""09"",""10"",""11"",""12"",""13"",""14"",""15"",""16"",""17"",""18"",""19""]","{""1"":false,""5"":false,""10"":false,""20"":false}","0.9899999999999997","4.605170185988091","0.01"
"2026-08-01","2026-07-16","random1","holdout","69","[""23"",""69"",""65"",""93"",""88"",""25"",""90"",""46"",""75"",""27"",""03"",""12"",""15"",""21"",""38"",""52"",""28"",""04"",""77"",""14""]","{""1"":false,""5"":true,""10"":true,""20"":true}","0.9899999999999997","4.605170185988091","0.01"
"2026-08-01","2026-07-16","random2","holdout","69","[""49"",""23"",""24"",""28"",""11"",""63"",""07"",""21"",""45"",""17"",""48"",""54"",""03"",""29"",""06"",""88"",""73"",""53"",""02"",""51""]","{""1"":false,""5"":false,""10"":false,""20"":false}","0.9899999999999997","4.605170185988091","0.01"
"2026-08-01","2026-07-16","random3","holdout","69","[""93"",""78"",""45"",""40"",""35"",""75"",""03"",""25"",""48"",""02"",""97"",""49"",""22"",""54"",""84"",""90"",""98"",""34"",""99"",""68""]","{""1"":false,""5"":false,""10"":false,""20"":false}","0.9899999999999997","4.605170185988091","0.01"
"2026-08-16","2026-08-01","uniform","holdout","53","[""75"",""88"",""56"",""58"",""68"",""54"",""77"",""97"",""65"",""89"",""11"",""08"",""45"",""02"",""86"",""31"",""20"",""73"",""33"",""96""]","{""1"":false,""5"":false,""10"":false,""20"":false}","0.9899999999999994","4.605170185988091","0.01"
"2026-08-16","2026-08-01","frequency","holdout","53","[""91"",""06"",""61"",""58"",""77"",""89"",""31"",""87"",""16"",""51"",""79"",""46"",""32"",""63"",""99"",""09"",""85"",""62"",""43"",""48""]","{""1"":false,""5"":false,""10"":false,""20"":false}","1.0013874436351025","5.225746673713201","0.005376344086021506"
"2026-08-16","2026-08-01","recent","holdout","53","[""48"",""77"",""08"",""02"",""87"",""16"",""52"",""07"",""64"",""22"",""62"",""95"",""43"",""69"",""06"",""47"",""71"",""37"",""61"",""75""]","{""1"":false,""5"":false,""10"":false,""20"":false}","0.9945833333333342","4.787491742782046","0.008333333333333333"
"2026-08-16","2026-08-01","decay","holdout","53","[""48"",""06"",""77"",""71"",""62"",""69"",""43"",""87"",""61"",""95"",""08"",""47"",""37"",""50"",""64"",""16"",""07"",""02"",""31"",""91""]","{""1"":false,""5"":false,""10"":false,""20"":false}","0.9951865978703689","4.850986506435193","0.007820658612412759"
"2026-08-16","2026-08-01","position","holdout","53","[""61"",""67"",""51"",""41"",""69"",""66"",""31"",""91"",""01"",""62"",""71"",""57"",""47"",""68"",""60"",""56"",""46"",""49"",""59"",""97""]","{""1"":false,""5"":false,""10"":false,""20"":false}","0.9946653578016494","4.784890961081989","0.008355034722222222"
"2026-08-16","2026-08-01","markov","holdout","53","[""41"",""40"",""91"",""90"",""11"",""31"",""81"",""01"",""43"",""49"",""48"",""47"",""71"",""21"",""61"",""20"",""70"",""00"",""80"",""10""]","{""1"":false,""5"":false,""10"":false,""20"":false}","1.004338270643986","5.342334251964811","0.004784688995215311"
"2026-08-16","2026-08-01","sum","holdout","53","[""99"",""73"",""64"",""91"",""28"",""46"",""19"",""82"",""55"",""37"",""70"",""16"",""52"",""07"",""34"",""43"",""25"",""61"",""89"",""33""]","{""1"":false,""5"":false,""10"":false,""20"":false}","0.9887211476875024","4.532599493153256","0.01075268817204301"
"2026-08-16","2026-08-01","ensemble","holdout","53","[""61"",""91"",""51"",""06"",""99"",""62"",""71"",""46"",""37"",""31"",""67"",""47"",""21"",""69"",""32"",""58"",""50"",""77"",""87"",""09""]","{""1"":false,""5"":false,""10"":false,""20"":false}","0.9943033196380101","4.808344988989347","0.00816135566009558"
"2026-08-16","2026-08-01","fixed","holdout","53","[""00"",""01"",""02"",""03"",""04"",""05"",""06"",""07"",""08"",""09"",""10"",""11"",""12"",""13"",""14"",""15"",""16"",""17"",""18"",""19""]","{""1"":false,""5"":false,""10"":false,""20"":false}","0.9899999999999994","4.605170185988091","0.01"
"2026-08-16","2026-08-01","random1","holdout","53","[""53"",""41"",""67"",""79"",""33"",""62"",""25"",""14"",""12"",""97"",""31"",""56"",""32"",""81"",""26"",""87"",""02"",""76"",""55"",""58""]","{""1"":true,""5"":true,""10"":true,""20"":true}","0.9899999999999994","4.605170185988091","0.01"
"2026-08-16","2026-08-01","random2","holdout","53","[""43"",""91"",""79"",""01"",""69"",""18"",""46"",""02"",""55"",""31"",""60"",""40"",""41"",""72"",""54"",""64"",""21"",""48"",""24"",""53""]","{""1"":false,""5"":false,""10"":false,""20"":true}","0.9899999999999994","4.605170185988091","0.01"
"2026-08-16","2026-08-01","random3","holdout","53","[""79"",""88"",""44"",""93"",""97"",""55"",""46"",""40"",""03"",""01"",""64"",""57"",""33"",""59"",""24"",""16"",""74"",""86"",""32"",""75""]","{""1"":false,""5"":false,""10"":false,""20"":false}","0.9899999999999994","4.605170185988091","0.01"
"2026-09-01","2026-08-16","uniform","holdout","04","[""75"",""88"",""56"",""58"",""68"",""54"",""77"",""97"",""65"",""89"",""11"",""08"",""45"",""02"",""86"",""31"",""20"",""73"",""33"",""96""]","{""1"":false,""5"":false,""10"":false,""20"":false}","0.9899999999999989","4.605170185988091","0.01"
"2026-09-01","2026-08-16","frequency","holdout","04","[""91"",""06"",""61"",""58"",""77"",""89"",""31"",""87"",""16"",""51"",""79"",""46"",""32"",""63"",""99"",""09"",""85"",""62"",""43"",""48""]","{""1"":false,""5"":false,""10"":false,""20"":false}","1.0014012410992597","5.231108616854587","0.0053475935828877"
"2026-09-01","2026-08-16","recent","holdout","04","[""48"",""77"",""08"",""02"",""87"",""53"",""16"",""52"",""07"",""64"",""22"",""62"",""95"",""43"",""69"",""06"",""47"",""71"",""37"",""75""]","{""1"":false,""5"":false,""10"":false,""20"":false}","0.9945833333333349","4.787491742782046","0.008333333333333333"
"2026-09-01","2026-08-16","decay","holdout","04","[""48"",""06"",""77"",""53"",""71"",""62"",""69"",""43"",""87"",""61"",""95"",""08"",""47"",""37"",""50"",""64"",""16"",""07"",""02"",""31""]","{""1"":false,""5"":false,""10"":false,""20"":false}","0.9951643518778266","4.851383449436583","0.007817554872754921"
"2026-09-01","2026-08-16","position","holdout","04","[""61"",""51"",""67"",""41"",""69"",""66"",""31"",""91"",""01"",""57"",""62"",""71"",""56"",""47"",""59"",""68"",""60"",""46"",""49"",""97""]","{""1"":false,""5"":false,""10"":false,""20"":false}","0.9985866258193152","5.055077394784665","0.006376873206504411"
"2026-09-01","2026-08-16","markov","holdout","04","[""51"",""79"",""71"",""59"",""11"",""31"",""41"",""39"",""09"",""19"",""01"",""49"",""69"",""21"",""29"",""61"",""58"",""54"",""78"",""74""]","{""1"":false,""5"":false,""10"":false,""20"":false}","0.9887499999999988","4.382026634673881","0.0125"
"2026-09-01","2026-08-16","sum","holdout","04","[""99"",""73"",""64"",""91"",""28"",""46"",""19"",""82"",""55"",""37"",""70"",""16"",""52"",""07"",""34"",""43"",""25"",""61"",""08"",""44""]","{""1"":false,""5"":false,""10"":false,""20"":false}","0.993122706869168","4.761104987608851","0.008556149732620321"
"2026-09-01","2026-08-16","ensemble","holdout","04","[""61"",""91"",""51"",""99"",""06"",""62"",""71"",""46"",""37"",""31"",""67"",""47"",""58"",""50"",""21"",""69"",""32"",""77"",""63"",""87""]","{""1"":false,""5"":false,""10"":false,""20"":false}","0.9970953374249834","4.996701988895641","0.006760205507337477"
"2026-09-01","2026-08-16","fixed","holdout","04","[""00"",""01"",""02"",""03"",""04"",""05"",""06"",""07"",""08"",""09"",""10"",""11"",""12"",""13"",""14"",""15"",""16"",""17"",""18"",""19""]","{""1"":false,""5"":true,""10"":true,""20"":true}","0.9899999999999989","4.605170185988091","0.01"
"2026-09-01","2026-08-16","random1","holdout","04","[""29"",""83"",""43"",""37"",""15"",""58"",""28"",""92"",""39"",""60"",""91"",""13"",""69"",""17"",""99"",""49"",""68"",""63"",""89"",""51""]","{""1"":false,""5"":false,""10"":false,""20"":false}","0.9899999999999989","4.605170185988091","0.01"
"2026-09-01","2026-08-16","random2","holdout","04","[""54"",""50"",""95"",""39"",""00"",""42"",""30"",""51"",""04"",""57"",""48"",""85"",""21"",""01"",""66"",""52"",""10"",""70"",""37"",""20""]","{""1"":false,""5"":false,""10"":true,""20"":true}","0.9899999999999989","4.605170185988091","0.01"
"2026-09-01","2026-08-16","random3","holdout","04","[""20"",""65"",""99"",""34"",""21"",""54"",""42"",""04"",""43"",""72"",""47"",""52"",""31"",""29"",""67"",""18"",""02"",""16"",""44"",""69""]","{""1"":false,""5"":false,""10"":true,""20"":true}","0.9899999999999989","4.605170185988091","0.01"
"2026-09-16","2026-09-01","uniform","holdout","64","[""75"",""88"",""56"",""58"",""68"",""54"",""77"",""97"",""65"",""89"",""11"",""08"",""45"",""02"",""86"",""31"",""20"",""73"",""33"",""96""]","{""1"":false,""5"":false,""10"":false,""20"":false}","0.9899999999999995","4.605170185988091","0.01"
"2026-09-16","2026-09-01","frequency","holdout","64","[""91"",""06"",""61"",""58"",""77"",""89"",""31"",""87"",""16"",""51"",""79"",""46"",""32"",""63"",""99"",""09"",""85"",""62"",""43"",""48""]","{""1"":false,""5"":false,""10"":false,""20"":false}","0.9907763693979165","4.543294782270004","0.010638297872340425"
"2026-09-16","2026-09-01","recent","holdout","64","[""48"",""77"",""08"",""02"",""53"",""16"",""52"",""07"",""64"",""22"",""62"",""95"",""43"",""69"",""06"",""47"",""71"",""04"",""37"",""75""]","{""1"":false,""5"":false,""10"":true,""20"":true}","0.9779166666666671","4.0943445622221","0.016666666666666666"
"2026-09-16","2026-09-01","decay","holdout","64","[""48"",""06"",""77"",""04"",""53"",""71"",""62"",""69"",""43"",""87"",""61"",""95"",""08"",""47"",""37"",""50"",""64"",""16"",""07"",""02""]","{""1"":false,""5"":false,""10"":false,""20"":true}","0.9844687531583662","4.331176846598557","0.013152060421344218"
"2026-09-16","2026-09-01","position","holdout","64","[""61"",""51"",""67"",""41"",""01"",""69"",""66"",""31"",""91"",""57"",""62"",""71"",""56"",""07"",""47"",""59"",""68"",""60"",""46"",""09""]","{""1"":false,""5"":false,""10"":false,""20"":false}","0.9908492938437942","4.584967478670572","0.01020408163265306"
"2026-09-16","2026-09-01","markov","holdout","64","[""97"",""47"",""37"",""31"",""33"",""67"",""87"",""41"",""07"",""91"",""32"",""43"",""92"",""42"",""93"",""02"",""83"",""03"",""81"",""63""]","{""1"":false,""5"":false,""10"":false,""20"":false}","1.000258541089566","4.959341999708705","0.007017543859649122"
"2026-09-16","2026-09-01","sum","holdout","64","[""99"",""73"",""64"",""91"",""28"",""46"",""19"",""82"",""55"",""37"",""70"",""16"",""52"",""07"",""34"",""43"",""25"",""61"",""08"",""44""]","{""1"":false,""5"":true,""10"":true,""20"":true}","0.9865819483067105","4.437934266612178","0.01182033096926714"
"2026-09-16","2026-09-01","ensemble","holdout","64","[""61"",""91"",""51"",""06"",""99"",""62"",""71"",""31"",""46"",""37"",""67"",""47"",""58"",""50"",""21"",""09"",""69"",""32"",""77"",""63""]","{""1"":false,""5"":false,""10"":false,""20"":false}","0.988811440468919","4.5201334929127395","0.010887570158086876"
"2026-09-16","2026-09-01","fixed","holdout","64","[""00"",""01"",""02"",""03"",""04"",""05"",""06"",""07"",""08"",""09"",""10"",""11"",""12"",""13"",""14"",""15"",""16"",""17"",""18"",""19""]","{""1"":false,""5"":false,""10"":false,""20"":false}","0.9899999999999995","4.605170185988091","0.01"
"2026-09-16","2026-09-01","random1","holdout","64","[""76"",""50"",""24"",""27"",""81"",""95"",""36"",""98"",""87"",""92"",""68"",""77"",""54"",""05"",""38"",""01"",""97"",""80"",""70"",""23""]","{""1"":false,""5"":false,""10"":false,""20"":false}","0.9899999999999995","4.605170185988091","0.01"
"2026-09-16","2026-09-01","random2","holdout","64","[""06"",""37"",""74"",""33"",""07"",""02"",""88"",""93"",""30"",""11"",""05"",""56"",""72"",""27"",""95"",""48"",""43"",""70"",""12"",""31""]","{""1"":false,""5"":false,""10"":false,""20"":false}","0.9899999999999995","4.605170185988091","0.01"
"2026-09-16","2026-09-01","random3","holdout","64","[""61"",""88"",""69"",""10"",""49"",""39"",""57"",""77"",""28"",""55"",""64"",""71"",""73"",""45"",""99"",""74"",""75"",""04"",""25"",""47""]","{""1"":false,""5"":false,""10"":false,""20"":true}","0.9899999999999995","4.605170185988091","0.01"
"2026-10-01","2026-09-16","uniform","holdout","70","[""75"",""88"",""56"",""58"",""68"",""54"",""77"",""97"",""65"",""89"",""11"",""08"",""45"",""02"",""86"",""31"",""20"",""73"",""33"",""96""]","{""1"":false,""5"":false,""10"":false,""20"":false}","0.9899999999999997","4.605170185988091","0.01"
"2026-10-01","2026-09-16","frequency","holdout","70","[""91"",""06"",""61"",""58"",""77"",""89"",""31"",""87"",""16"",""51"",""64"",""79"",""46"",""32"",""63"",""99"",""09"",""85"",""62"",""43""]","{""1"":false,""5"":false,""10"":false,""20"":false}","1.0014837210604404","5.241747015059643","0.005291005291005291"
"2026-10-01","2026-09-16","recent","holdout","70","[""64"",""48"",""77"",""08"",""02"",""53"",""16"",""52"",""07"",""22"",""62"",""95"",""43"",""69"",""06"",""47"",""71"",""04"",""75"",""88""]","{""1"":false,""5"":false,""10"":false,""20"":false}","0.9947222222222227","4.787491742782046","0.008333333333333333"
"2026-10-01","2026-09-16","decay","holdout","70","[""64"",""48"",""06"",""77"",""04"",""53"",""71"",""62"",""69"",""43"",""87"",""61"",""95"",""08"",""47"",""37"",""50"",""16"",""07"",""02""]","{""1"":false,""5"":false,""10"":false,""20"":false}","0.9952052104556817","4.852136798594879","0.007811667742182461"
"2026-10-01","2026-09-16","position","holdout","70","[""61"",""67"",""51"",""41"",""01"",""69"",""66"",""31"",""91"",""62"",""57"",""68"",""71"",""60"",""56"",""07"",""47"",""59"",""46"",""09""]","{""1"":false,""5"":false,""10"":false,""20"":false}","0.9947522476176015","4.795790545596741","0.008264462809917356"
"2026-10-01","2026-09-16","markov","holdout","70","[""47"",""97"",""44"",""41"",""43"",""42"",""77"",""27"",""67"",""94"",""87"",""07"",""17"",""91"",""57"",""92"",""93"",""37"",""54"",""11""]","{""1"":false,""5"":false,""10"":false,""20"":false}","1.0017574432892244","5.214935757608986","0.005434782608695652"
"2026-10-01","2026-09-16","sum","holdout","70","[""99"",""73"",""64"",""91"",""28"",""46"",""19"",""82"",""55"",""37"",""70"",""16"",""52"",""07"",""34"",""43"",""25"",""61"",""08"",""44""]","{""1"":false,""5"":false,""10"":false,""20"":true}","0.9877554797475855","4.487975212683263","0.011243386243386243"
"2026-10-01","2026-09-16","ensemble","holdout","70","[""61"",""91"",""51"",""06"",""99"",""62"",""71"",""31"",""46"",""64"",""37"",""67"",""69"",""47"",""58"",""50"",""21"",""09"",""63"",""32""]","{""1"":false,""5"":false,""10"":false,""20"":false}","0.9940675436464592","4.795570111340365","0.008266284781436296"
"2026-10-01","2026-09-16","fixed","holdout","70","[""00"",""01"",""02"",""03"",""04"",""05"",""06"",""07"",""08"",""09"",""10"",""11"",""12"",""13"",""14"",""15"",""16"",""17"",""18"",""19""]","{""1"":false,""5"":false,""10"":false,""20"":false}","0.9899999999999997","4.605170185988091","0.01"
"2026-10-01","2026-09-16","random1","holdout","70","[""60"",""80"",""30"",""31"",""15"",""52"",""92"",""46"",""50"",""03"",""39"",""65"",""91"",""68"",""22"",""74"",""28"",""86"",""41"",""94""]","{""1"":false,""5"":false,""10"":false,""20"":false}","0.9899999999999997","4.605170185988091","0.01"
"2026-10-01","2026-09-16","random2","holdout","70","[""40"",""88"",""78"",""32"",""15"",""63"",""34"",""33"",""28"",""03"",""93"",""41"",""50"",""17"",""51"",""82"",""98"",""80"",""12"",""06""]","{""1"":false,""5"":false,""10"":false,""20"":false}","0.9899999999999997","4.605170185988091","0.01"
"2026-10-01","2026-09-16","random3","holdout","70","[""03"",""63"",""43"",""02"",""94"",""61"",""00"",""38"",""04"",""79"",""18"",""58"",""78"",""17"",""42"",""14"",""35"",""72"",""77"",""10""]","{""1"":false,""5"":false,""10"":false,""20"":false}","0.9899999999999997","4.605170185988091","0.01"